session_t,hand,wrist_x,wrist_y,hand_scale,speed,seg_state,seg_buffered,curls,pose_best,pose_distance,pose_stable
6.594,0,,,,0.00000,WAITING,0,,,,
7.092,0,,,,0.00000,WAITING,0,,,,
7.407,0,,,,0.00000,WAITING,0,,,,
7.672,0,,,,0.00000,WAITING,0,,,,
7.849,0,,,,0.00000,WAITING,0,,,,
7.889,0,,,,0.00000,WAITING,0,,,,
7.987,0,,,,0.00000,WAITING,0,,,,
8.083,0,,,,0.00000,WAITING,0,,,,
8.211,0,,,,0.00000,WAITING,0,,,,
8.540,0,,,,0.00000,WAITING,0,,,,
8.816,0,,,,0.00000,WAITING,0,,,,
8.891,0,,,,0.00000,WAITING,0,,,,
9.084,0,,,,0.00000,WAITING,0,,,,
9.228,0,,,,0.00000,WAITING,0,,,,
9.395,0,,,,0.00000,WAITING,0,,,,
9.516,0,,,,0.00000,WAITING,0,,,,
9.632,0,,,,0.00000,WAITING,0,,,,
9.776,0,,,,0.00000,WAITING,0,,,,
9.876,0,,,,0.00000,WAITING,0,,,,
9.953,0,,,,0.00000,WAITING,0,,,,
10.004,0,,,,0.00000,WAITING,0,,,,
10.053,0,,,,0.00000,WAITING,0,,,,
10.182,0,,,,0.00000,WAITING,0,,,,
10.311,0,,,,0.00000,WAITING,0,,,,
10.374,0,,,,0.00000,WAITING,0,,,,
10.487,0,,,,0.00000,WAITING,0,,,,
10.544,0,,,,0.00000,WAITING,0,,,,
10.594,0,,,,0.00000,WAITING,0,,,,
10.637,0,,,,0.00000,WAITING,0,,,,
10.687,0,,,,0.00000,WAITING,0,,,,
10.738,0,,,,0.00000,WAITING,0,,,,
10.783,0,,,,0.00000,WAITING,0,,,,
10.848,0,,,,0.00000,WAITING,0,,,,
10.914,0,,,,0.00000,WAITING,0,,,,
11.004,0,,,,0.00000,WAITING,0,,,,
11.135,0,,,,0.00000,WAITING,0,,,,
11.255,0,,,,0.00000,WAITING,0,,,,
11.402,0,,,,0.00000,WAITING,0,,,,
11.450,0,,,,0.00000,WAITING,0,,,,
11.491,0,,,,0.00000,WAITING,0,,,,
11.541,0,,,,0.00000,WAITING,0,,,,
11.601,0,,,,0.00000,WAITING,0,,,,
11.672,0,,,,0.00000,WAITING,0,,,,
11.724,0,,,,0.00000,WAITING,0,,,,
11.766,0,,,,0.00000,WAITING,0,,,,
11.809,0,,,,0.00000,WAITING,0,,,,
11.850,0,,,,0.00000,WAITING,0,,,,
11.888,0,,,,0.00000,WAITING,0,,,,
11.933,0,,,,0.00000,WAITING,0,,,,
11.969,0,,,,0.00000,WAITING,0,,,,
12.009,0,,,,0.00000,WAITING,0,,,,
12.050,0,,,,0.00000,WAITING,0,,,,
12.091,0,,,,0.00000,WAITING,0,,,,
12.134,0,,,,0.00000,WAITING,0,,,,
12.181,0,,,,0.00000,WAITING,0,,,,
12.216,0,,,,0.00000,WAITING,0,,,,
12.252,0,,,,0.00000,WAITING,0,,,,
12.301,0,,,,0.00000,WAITING,0,,,,
12.341,0,,,,0.00000,WAITING,0,,,,
12.385,0,,,,0.00000,WAITING,0,,,,
12.428,0,,,,0.00000,WAITING,0,,,,
12.470,0,,,,0.00000,WAITING,0,,,,
12.516,0,,,,0.00000,WAITING,0,,,,
12.564,0,,,,0.00000,WAITING,0,,,,
12.610,0,,,,0.00000,WAITING,0,,,,
12.655,0,,,,0.00000,WAITING,0,,,,
12.694,0,,,,0.00000,WAITING,0,,,,
12.739,0,,,,0.00000,WAITING,0,,,,
12.782,0,,,,0.00000,WAITING,0,,,,
12.880,0,,,,0.00000,WAITING,0,,,,
13.022,0,,,,0.00000,WAITING,0,,,,
13.055,0,,,,0.00000,WAITING,0,,,,
13.103,0,,,,0.00000,WAITING,0,,,,
13.163,0,,,,0.00000,WAITING,0,,,,
13.250,0,,,,0.00000,WAITING,0,,,,
13.370,0,,,,0.00000,WAITING,0,,,,
13.449,0,,,,0.00000,WAITING,0,,,,
13.516,0,,,,0.00000,WAITING,0,,,,
13.561,0,,,,0.00000,WAITING,0,,,,
13.599,0,,,,0.00000,WAITING,0,,,,
13.647,0,,,,0.00000,WAITING,0,,,,
13.689,0,,,,0.00000,WAITING,0,,,,
13.779,0,,,,0.00000,WAITING,0,,,,
13.841,0,,,,0.00000,WAITING,0,,,,
13.896,0,,,,0.00000,WAITING,0,,,,
13.938,0,,,,0.00000,WAITING,0,,,,
13.976,0,,,,0.00000,WAITING,0,,,,
14.016,0,,,,0.00000,WAITING,0,,,,
14.058,0,,,,0.00000,WAITING,0,,,,
14.122,0,,,,0.00000,WAITING,0,,,,
14.164,0,,,,0.00000,WAITING,0,,,,
14.207,0,,,,0.00000,WAITING,0,,,,
14.245,0,,,,0.00000,WAITING,0,,,,
14.289,0,,,,0.00000,WAITING,0,,,,
14.333,0,,,,0.00000,WAITING,0,,,,
14.371,0,,,,0.00000,WAITING,0,,,,
14.417,0,,,,0.00000,WAITING,0,,,,
14.456,0,,,,0.00000,WAITING,0,,,,
14.509,0,,,,0.00000,WAITING,0,,,,
14.553,0,,,,0.00000,WAITING,0,,,,
14.595,0,,,,0.00000,WAITING,0,,,,
14.635,0,,,,0.00000,WAITING,0,,,,
14.677,0,,,,0.00000,WAITING,0,,,,
14.722,0,,,,0.00000,WAITING,0,,,,
14.774,0,,,,0.00000,WAITING,0,,,,
14.819,0,,,,0.00000,WAITING,0,,,,
14.851,0,,,,0.00000,WAITING,0,,,,
14.912,0,,,,0.00000,WAITING,0,,,,
14.957,0,,,,0.00000,WAITING,0,,,,
15.002,0,,,,0.00000,WAITING,0,,,,
15.039,0,,,,0.00000,WAITING,0,,,,
15.085,0,,,,0.00000,WAITING,0,,,,
15.120,0,,,,0.00000,WAITING,0,,,,
15.169,0,,,,0.00000,WAITING,0,,,,
15.208,0,,,,0.00000,WAITING,0,,,,
15.249,0,,,,0.00000,WAITING,0,,,,
15.388,0,,,,0.00000,WAITING,0,,,,
15.532,0,,,,0.00000,WAITING,0,,,,
15.630,0,,,,0.00000,WAITING,0,,,,
15.680,0,,,,0.00000,WAITING,0,,,,
15.921,0,,,,0.00000,WAITING,0,,,,
16.082,0,,,,0.00000,WAITING,0,,,,
16.290,0,,,,0.00000,WAITING,0,,,,
16.433,0,,,,0.00000,WAITING,0,,,,
16.689,0,,,,0.00000,WAITING,0,,,,
16.849,0,,,,0.00000,WAITING,0,,,,
17.074,0,,,,0.00000,WAITING,0,,,,
17.197,0,,,,0.00000,WAITING,0,,,,
17.328,0,,,,0.00000,WAITING,0,,,,
17.532,0,,,,0.00000,WAITING,0,,,,
17.649,0,,,,0.00000,WAITING,0,,,,
17.851,0,,,,0.00000,WAITING,0,,,,
17.952,0,,,,0.00000,WAITING,0,,,,
18.173,0,,,,0.00000,WAITING,0,,,,
18.619,0,,,,0.00000,WAITING,0,,,,
18.719,0,,,,0.00000,WAITING,0,,,,
18.886,0,,,,0.00000,WAITING,0,,,,
19.157,0,,,,0.00000,WAITING,0,,,,
19.405,0,,,,0.00000,WAITING,0,,,,
19.539,0,,,,0.00000,WAITING,0,,,,
19.651,0,,,,0.00000,WAITING,0,,,,
19.834,0,,,,0.00000,WAITING,0,,,,
19.929,0,,,,0.00000,WAITING,0,,,,
20.031,0,,,,0.00000,WAITING,0,,,,
20.199,0,,,,0.00000,WAITING,0,,,,
20.301,0,,,,0.00000,WAITING,0,,,,
20.430,0,,,,0.00000,WAITING,0,,,,
20.758,1,0.15565,0.75966,0.09285,0.00000,WAITING,0,2.221|2.555|2.451|1.964,,inf,
20.882,0,,,,0.00000,WAITING,0,,,,
21.134,1,0.20632,0.83943,0.30608,0.30876,WAITING,0,0.975|1.099|1.035|0.849,,inf,
21.232,1,0.24123,0.89205,0.33289,0.18969,IN_MOTION,3,0.887|1.017|0.947|0.790,,inf,
21.415,1,0.26623,0.92493,0.33898,0.12185,IN_MOTION,4,0.862|1.008|0.936|0.792,,inf,
21.555,1,0.28040,0.94455,0.34134,0.07088,IN_MOTION,5,0.866|1.002|0.924|0.768,,inf,
21.684,1,0.28543,0.95561,0.33889,0.03587,IN_MOTION,6,0.881|1.020|0.936|0.783,,inf,
21.896,1,0.28590,0.96310,0.34035,0.02205,IN_MOTION,7,0.874|1.006|0.930|0.780,,inf,
22.001,1,0.28569,0.96688,0.33984,0.01114,IN_MOTION,8,0.863|1.001|0.923|0.778,,inf,
22.101,1,0.30137,0.97238,0.34329,0.04839,IN_MOTION,9,0.861|0.992|0.941|0.778,,inf,
22.278,1,0.33174,0.98282,0.34494,0.09312,IN_MOTION,10,0.892|1.006|0.963|0.774,,inf,
22.387,1,0.37683,0.99843,0.34258,0.13926,IN_MOTION,11,0.937|1.063|1.012|0.802,,inf,
22.451,1,0.48018,1.03310,0.35679,0.30554,IN_MOTION,12,0.970|1.092|0.982|0.698,,inf,
22.546,1,0.62105,1.05082,0.34669,0.40952,IN_MOTION,13,1.087|1.161|0.961|0.455,,inf,
22.647,1,0.73403,1.06943,0.35570,0.32193,IN_MOTION,14,1.015|1.136|1.019|0.684,,inf,
22.692,1,0.84462,1.08635,0.37479,0.29850,IN_MOTION,15,0.956|1.071|0.988|0.741,,inf,
22.733,1,0.96184,1.09654,0.37899,0.31046,IN_MOTION,16,0.959|1.053|0.954|0.614,,inf,
22.782,1,1.04711,1.09345,0.36650,0.23282,IN_MOTION,17,0.964|1.082|0.975|0.711,,inf,
22.816,1,1.10530,1.08778,0.36415,0.16054,IN_MOTION,18,0.962|1.073|0.986|0.747,,inf,
22.851,1,1.14989,1.08737,0.36963,0.12063,IN_MOTION,19,0.960|1.057|0.953|0.669,,inf,
22.889,1,1.18388,1.08288,0.37068,0.09250,IN_MOTION,20,0.957|1.052|0.932|0.681,,inf,
22.936,1,1.21213,1.07783,0.36427,0.07877,IN_MOTION,21,0.980|1.073|0.946|0.676,,inf,
22.976,1,1.23385,1.07443,0.36177,0.06079,IN_MOTION,22,0.995|1.093|0.981|0.738,,inf,
23.015,1,1.24226,1.07065,0.35780,0.02575,IN_MOTION,23,1.008|1.116|1.003|0.771,,inf,
23.049,1,1.24422,1.07142,0.35233,0.00599,IN_MOTION,24,1.022|1.150|1.053|0.798,,inf,
23.084,1,1.26985,1.07111,0.34880,0.07347,IN_MOTION,25,1.053|1.160|1.074|0.805,,inf,
23.123,1,1.26883,1.07199,0.34924,0.00385,IN_MOTION,26,1.040|1.166|1.052|0.823,,inf,
23.163,1,1.27107,1.06475,0.32799,0.02310,IN_MOTION,27,1.147|1.238|1.120|0.880,,inf,
23.199,1,1.25968,1.06809,0.33960,0.03496,IN_MOTION,28,1.056|1.204|1.086|0.847,,inf,
23.233,1,1.28722,1.06495,0.33829,0.08193,IN_MOTION,29,1.078|1.186|1.062|0.830,,inf,
23.270,1,1.27427,1.07068,0.35512,0.03986,IN_MOTION,30,1.001|1.121|1.003|0.776,,inf,
23.316,1,1.27770,1.06452,0.33027,0.02136,IN_MOTION,31,1.111|1.211|1.106|0.864,,inf,
23.346,1,1.26295,1.06618,0.33914,0.04378,IN_MOTION,32,1.066|1.204|1.074|0.808,,inf,
23.390,1,1.27017,1.06183,0.33003,0.02555,IN_MOTION,33,1.118|1.227|1.108|0.841,,inf,
23.424,1,1.26243,1.06043,0.33284,0.02364,IN_MOTION,34,1.080|1.227|1.120|0.849,,inf,
23.466,1,1.27369,1.05434,0.32613,0.03925,WAITING,0,1.130|1.235|1.092|0.797,,inf,
23.511,1,1.25811,1.05805,0.34282,0.04670,WAITING,0,1.037|1.172|1.071|0.830,,inf,
23.549,1,1.26081,1.05729,0.33181,0.00844,WAITING,0,1.106|1.226|1.119|0.870,,inf,
23.586,1,1.25427,1.06106,0.34285,0.02203,WAITING,0,1.042|1.175|1.046|0.810,,inf,
23.618,1,1.26355,1.05809,0.33443,0.02913,WAITING,0,1.084|1.186|1.082|0.833,,inf,
23.659,1,1.25241,1.06361,0.34339,0.03619,WAITING,0,1.055|1.208|1.069|0.831,,inf,
23.704,1,1.28098,1.06135,0.34266,0.08363,WAITING,0,1.069|1.174|1.042|0.819,,inf,
23.740,1,1.26357,1.06552,0.35110,0.05097,WAITING,0,1.035|1.161|1.052|0.838,,inf,
23.773,1,1.28011,1.06429,0.35171,0.04716,WAITING,0,1.034|1.117|0.988|0.779,,inf,
23.821,1,1.26668,1.06587,0.35000,0.03864,WAITING,0,1.027|1.146|1.005|0.786,,inf,
23.857,1,1.26760,1.06449,0.34684,0.00479,WAITING,0,1.036|1.131|1.027|0.779,,inf,
23.894,1,1.24992,1.06514,0.34585,0.05116,WAITING,0,1.029|1.169|1.050|0.824,,inf,
23.918,1,1.27093,1.06329,0.35658,0.05914,WAITING,0,0.962|1.070|0.971|0.727,,inf,
23.961,1,1.24809,1.05783,0.34853,0.06737,IN_MOTION,4,0.927|1.070|0.998|0.776,,inf,
24.002,1,1.24610,1.05169,0.34413,0.01875,IN_MOTION,5,0.894|1.037|0.977|0.675,,inf,
24.038,1,1.22686,1.04436,0.33226,0.06194,IN_MOTION,6,0.855|0.999|0.915|0.587,,inf,
24.074,1,1.20572,1.04683,0.33982,0.06265,IN_MOTION,7,0.773|0.911|0.842|0.621,,inf,
24.124,1,1.18393,1.04862,0.33861,0.06457,IN_MOTION,8,0.714|0.839|0.782|0.567,,inf,
24.156,1,1.15913,1.04760,0.33474,0.07414,IN_MOTION,9,0.632|0.757|0.694|0.536,,inf,
24.197,1,1.10366,1.05194,0.33495,0.16612,IN_MOTION,10,0.485|0.557|0.485|0.449,,inf,
24.238,1,1.04931,1.05068,0.32376,0.16793,IN_MOTION,11,0.462|0.511|0.469|0.404,,inf,
24.274,1,0.99712,1.05105,0.30640,0.17033,IN_MOTION,12,0.417|0.421|0.491|0.472,,inf,
24.307,1,0.94791,1.05218,0.30760,0.16003,IN_MOTION,13,0.580|0.556|0.498|0.492,,inf,
24.349,1,0.88806,1.05592,0.29345,0.20433,IN_MOTION,14,0.524|0.562|0.504|0.477,,inf,
24.414,1,0.83164,1.05844,0.28773,0.19629,IN_MOTION,15,0.490|0.511|0.506|0.470,,inf,
24.489,1,0.76845,1.06226,0.27139,0.23326,IN_MOTION,16,0.407|0.476|0.493|0.509,,inf,
24.551,1,0.70211,1.07644,0.28461,0.23836,IN_MOTION,17,0.530|0.571|0.587|0.504,,inf,
24.636,1,0.64484,1.07772,0.27600,0.20755,IN_MOTION,18,0.572|0.643|0.663|0.595,,inf,
24.695,1,0.58867,1.06487,0.26315,0.21899,IN_MOTION,19,0.643|0.717|0.711|0.646,,inf,
24.779,1,0.52504,1.03812,0.27521,0.25079,IN_MOTION,20,0.686|0.789|0.763|0.644,,inf,
24.893,1,0.47815,1.00911,0.26401,0.20884,IN_MOTION,21,0.717|0.812|0.818|0.699,,inf,
25.052,1,0.43923,0.97493,0.26867,0.19281,IN_MOTION,22,0.740|0.870|0.849|0.694,,inf,
25.137,1,0.39870,0.93769,0.28151,0.19553,IN_MOTION,23,0.783|0.907|0.883|0.708,,inf,
25.218,1,0.36371,0.90615,0.28786,0.16362,IN_MOTION,24,0.766|0.884|0.865|0.707,,inf,
25.370,1,0.34366,0.88826,0.28951,0.09282,IN_MOTION,25,0.777|0.896|0.873|0.719,,inf,
25.510,1,0.32879,0.87822,0.29286,0.06128,IN_MOTION,26,0.775|0.887|0.843|0.706,,inf,
25.599,1,0.32173,0.87085,0.29381,0.03474,IN_MOTION,27,0.772|0.881|0.840|0.705,,inf,
25.816,1,0.32075,0.86740,0.29665,0.01208,IN_MOTION,28,0.766|0.871|0.838|0.697,,inf,
25.985,1,0.32456,0.86753,0.29733,0.01285,IN_MOTION,29,0.765|0.865|0.828|0.694,,inf,
26.083,1,0.37028,0.88014,0.30258,0.15672,IN_MOTION,30,0.793|0.879|0.841|0.668,,inf,
26.253,1,0.47988,0.90502,0.31171,0.36058,IN_MOTION,31,0.835|0.911|0.810|0.603,,inf,
26.349,1,0.60643,0.93219,0.32544,0.39771,IN_MOTION,32,0.823|0.905|0.832|0.639,,inf,
26.449,1,0.76242,0.95334,0.33402,0.47129,IN_MOTION,33,0.870|0.895|0.812|0.579,,inf,
26.679,1,0.89616,0.96632,0.34181,0.39309,IN_MOTION,34,0.806|0.875|0.792|0.582,,inf,
26.784,1,1.00091,0.97576,0.34220,0.30737,IN_MOTION,35,0.794|0.860|0.788|0.563,,inf,
26.901,1,1.08935,0.98238,0.34036,0.26054,IN_MOTION,36,0.820|0.886|0.787|0.487,,inf,
27.081,1,1.14043,0.98337,0.33399,0.15299,IN_MOTION,37,0.832|0.899|0.820|0.540,,inf,
27.174,1,1.17127,0.98660,0.33601,0.09227,IN_MOTION,38,0.838|0.898|0.836|0.552,,inf,
27.280,1,1.18833,0.98537,0.33493,0.05106,IN_MOTION,39,0.837|0.894|0.815|0.540,,inf,
27.449,1,1.19448,0.98507,0.33729,0.01826,IN_MOTION,40,0.818|0.881|0.811|0.489,,inf,
27.538,1,1.19863,0.98684,0.33960,0.01330,IN_MOTION,41,0.815|0.881|0.810|0.505,,inf,
27.630,1,1.20571,0.98770,0.33545,0.02125,IN_MOTION,42,0.824|0.887|0.817|0.517,,inf,
27.785,1,1.20429,0.98897,0.33609,0.00566,IN_MOTION,43,0.761|0.851|0.773|0.528,,inf,
27.890,1,1.19926,0.99012,0.32109,0.01607,WAITING,0,0.582|0.690|0.619|0.518,,inf,
28.032,1,1.19756,0.99198,0.30334,0.00830,WAITING,0,0.454|0.461|0.316|0.331,,inf,
28.186,1,1.18125,1.00153,0.27363,0.06906,WAITING,0,0.297|0.279|0.251|0.289,,inf,
28.284,0,,,,0.00000,WAITING,0,,,,
28.377,0,,,,0.00000,WAITING,0,,,,
28.456,0,,,,0.00000,WAITING,0,,,,
28.624,0,,,,0.00000,WAITING,0,,,,
28.735,0,,,,0.00000,WAITING,0,,,,
28.811,0,,,,0.00000,WAITING,0,,,,
29.016,0,,,,0.00000,WAITING,0,,,,
29.177,0,,,,0.00000,WAITING,0,,,,
29.427,0,,,,0.00000,WAITING,0,,,,
29.537,0,,,,0.00000,WAITING,0,,,,
29.774,1,1.13326,0.82347,0.26844,0.00000,WAITING,0,0.388|0.295|0.217|0.130,,inf,
29.886,1,1.08716,0.73026,0.26083,0.39868,WAITING,0,0.268|0.221|0.143|0.083,,inf,
29.972,1,1.06387,0.67939,0.26360,0.21225,IN_MOTION,3,0.300|0.250|0.177|0.109,,inf,
30.060,1,1.05197,0.64746,0.25516,0.13352,IN_MOTION,4,0.287|0.247|0.171|0.092,,inf,
30.221,1,1.04735,0.63168,0.25515,0.06444,IN_MOTION,5,0.329|0.282|0.199|0.109,,inf,
30.299,1,1.04520,0.62619,0.26018,0.02269,IN_MOTION,6,0.312|0.268|0.186|0.103,,inf,
30.398,1,1.04459,0.62229,0.25473,0.01550,IN_MOTION,7,0.285|0.244|0.165|0.086,,inf,
30.533,1,1.04417,0.61869,0.25471,0.01422,IN_MOTION,8,0.299|0.257|0.176|0.089,,inf,
30.740,1,1.04246,0.61595,0.25199,0.01280,IN_MOTION,9,0.297|0.257|0.180|0.094,,inf,
30.836,1,1.04141,0.61479,0.25248,0.00619,IN_MOTION,10,0.304|0.258|0.177|0.088,,inf,
31.049,1,1.04065,0.61707,0.25897,0.00926,WAITING,0,0.303|0.269|0.193|0.106,,inf,
31.199,1,1.04040,0.61475,0.25357,0.00920,WAITING,0,0.306|0.262|0.177|0.085,,inf,
31.299,1,1.04060,0.61421,0.25447,0.00225,WAITING,0,0.325|0.281|0.199|0.107,,inf,
31.483,1,1.04157,0.61675,0.25868,0.01049,WAITING,0,0.315|0.275|0.196|0.105,,inf,
31.610,1,1.04085,0.62044,0.25457,0.01476,WAITING,0,0.297|0.252|0.173|0.094,,inf,
31.788,1,1.03966,0.62247,0.25142,0.00937,WAITING,0,0.303|0.258|0.175|0.082,,inf,
31.907,1,1.04182,0.62356,0.25200,0.00962,WAITING,0,0.302|0.252|0.172|0.076,,inf,
31.990,1,1.04177,0.62420,0.25123,0.00257,WAITING,0,0.301|0.258|0.181|0.095,,inf,
32.079,1,1.04085,0.62485,0.24719,0.00453,WAITING,0,0.314|0.266|0.181|0.092,,inf,
32.232,1,1.04362,0.62730,0.25584,0.01445,WAITING,0,0.295|0.250|0.172|0.086,,inf,
32.320,1,1.04603,0.62892,0.25601,0.01133,WAITING,0,0.298|0.249|0.170|0.085,,inf,
32.423,1,1.04614,0.62966,0.25378,0.00296,WAITING,0,0.305|0.264|0.186|0.101,,inf,
32.532,1,1.04571,0.62965,0.25099,0.00171,WAITING,0,0.317|0.264|0.181|0.083,,inf,
32.699,1,1.04679,0.63112,0.25363,0.00717,WAITING,0,0.290|0.254|0.177|0.085,,inf,
32.792,1,1.04814,0.63523,0.24871,0.01742,WAITING,0,0.310|0.288|0.195|0.096,,inf,
32.884,1,1.04873,0.64254,0.25673,0.02857,WAITING,0,0.273|0.254|0.182|0.092,,inf,
33.018,1,1.04833,0.64501,0.25407,0.00985,WAITING,0,0.266|0.250|0.172|0.082,,inf,
33.107,1,1.04747,0.64552,0.25763,0.00385,WAITING,0,0.261|0.252|0.175|0.081,,inf,
33.188,1,1.04584,0.64602,0.25240,0.00676,WAITING,0,0.288|0.278|0.199|0.103,,inf,
33.273,1,1.04384,0.64673,0.24747,0.00859,WAITING,0,0.291|0.272|0.194|0.099,,inf,
33.437,1,1.04350,0.64460,0.24737,0.00873,WAITING,0,0.288|0.267|0.192|0.099,,inf,
33.519,1,1.04022,0.64325,0.24114,0.01472,WAITING,0,0.314|0.263|0.190|0.089,,inf,
33.579,1,1.04229,0.64144,0.24100,0.01142,WAITING,0,0.305|0.253|0.169|0.061,,inf,
33.664,1,1.04594,0.64288,0.25515,0.01538,WAITING,0,0.307|0.262|0.171|0.072,,inf,
33.842,1,1.04578,0.64427,0.25389,0.00551,WAITING,0,0.308|0.270|0.189|0.094,,inf,
33.936,1,1.04590,0.64435,0.25434,0.00055,WAITING,0,0.316|0.268|0.185|0.087,,inf,
34.027,1,1.04586,0.64473,0.25116,0.00153,WAITING,0,0.323|0.266|0.174|0.070,,inf,
34.158,1,1.04421,0.64346,0.24679,0.00845,WAITING,0,0.324|0.274|0.186|0.076,,inf,
34.266,1,1.04261,0.64220,0.24559,0.00832,WAITING,0,0.332|0.283|0.194|0.083,,inf,
34.357,1,1.04402,0.64144,0.24946,0.00642,WAITING,0,0.312|0.266|0.180|0.076,,inf,
34.507,1,1.04414,0.64374,0.24957,0.00921,WAITING,0,0.324|0.276|0.195|0.090,,inf,
34.669,1,1.04528,0.64357,0.24729,0.00469,WAITING,0,0.323|0.275|0.186|0.079,,inf,
34.767,1,1.04596,0.64495,0.25164,0.00609,WAITING,0,0.307|0.264|0.178|0.076,,inf,
34.849,1,1.04575,0.64548,0.25143,0.00227,WAITING,0,0.325|0.271|0.188|0.090,,inf,
35.021,1,1.04789,0.64702,0.25564,0.01032,WAITING,0,0.338|0.287|0.201|0.089,,inf,
35.116,1,1.04718,0.64724,0.25113,0.00294,WAITING,0,0.301|0.254|0.172|0.067,,inf,
35.191,1,1.04691,0.64797,0.24415,0.00319,WAITING,0,0.351|0.311|0.228|0.117,,inf,
35.289,1,1.04537,0.65041,0.24875,0.01160,WAITING,0,0.314|0.281|0.202|0.097,,inf,
35.461,1,1.04407,0.65227,0.24276,0.00937,WAITING,0,0.333|0.301|0.220|0.119,,inf,
35.554,1,1.04347,0.65180,0.24433,0.00309,WAITING,0,0.344|0.310|0.224|0.125,,inf,
35.635,1,1.04396,0.65224,0.24738,0.00264,WAITING,0,0.343|0.311|0.229|0.118,,inf,
35.845,1,1.04287,0.65483,0.24659,0.01139,WAITING,0,0.317|0.292|0.206|0.095,,inf,
35.966,1,1.04475,0.65400,0.24959,0.00822,WAITING,0,0.352|0.322|0.237|0.127,,inf,
36.087,1,1.04163,0.65236,0.23561,0.01495,WAITING,0,0.353|0.320|0.238|0.148,,inf,
36.255,1,1.04010,0.65207,0.24257,0.00646,WAITING,0,0.338|0.311|0.227|0.122,,inf,
36.349,1,1.03994,0.65052,0.23668,0.00661,WAITING,0,0.333|0.291|0.204|0.101,,inf,
36.453,1,1.04295,0.65201,0.24484,0.01375,WAITING,0,0.343|0.313|0.223|0.109,,inf,
36.634,1,1.04529,0.65673,0.25077,0.02102,WAITING,0,0.307|0.285|0.198|0.094,,inf,
36.737,1,1.04671,0.65425,0.24627,0.01159,WAITING,0,0.339|0.310|0.227|0.130,,inf,
36.835,1,1.04573,0.65721,0.24600,0.01266,WAITING,0,0.321|0.306|0.212|0.102,,inf,
36.990,1,1.04497,0.65556,0.24541,0.00739,WAITING,0,0.339|0.298|0.209|0.106,,inf,
37.082,1,1.04450,0.65500,0.24589,0.00297,WAITING,0,0.342|0.320|0.231|0.129,,inf,
37.166,1,1.04345,0.65947,0.23522,0.01952,WAITING,0,0.494|0.460|0.362|0.196,,inf,
37.252,1,1.02189,0.69964,0.29675,0.15363,WAITING,0,0.511|0.565|0.514|0.418,,inf,
38.089,1,0.99351,0.74100,0.26249,0.19108,IN_MOTION,4,0.208|0.284|0.319|0.305,,inf,
38.236,1,0.98897,0.76959,0.24691,0.11725,IN_MOTION,5,0.168|0.235|0.313|0.293,,inf,
38.299,1,1.01565,0.77994,0.24792,0.11541,IN_MOTION,6,0.185|0.246|0.297|0.267,,inf,
38.355,1,1.02803,0.78700,0.25213,0.05651,IN_MOTION,7,0.181|0.223|0.283|0.253,,inf,
38.421,1,1.03784,0.79162,0.25605,0.04237,IN_MOTION,8,0.178|0.225|0.288|0.265,,inf,
38.500,1,1.04211,0.79366,0.25676,0.01843,IN_MOTION,9,0.191|0.225|0.287|0.257,,inf,
38.571,1,1.04457,0.79228,0.24998,0.01131,IN_MOTION,10,0.187|0.248|0.308|0.290,,inf,
38.635,1,1.04802,0.79282,0.25458,0.01371,IN_MOTION,11,0.183|0.229|0.283|0.266,,inf,
38.699,1,1.04851,0.79237,0.25311,0.00263,IN_MOTION,12,0.185|0.236|0.297|0.271,,inf,
38.763,1,1.04966,0.79418,0.25429,0.00843,WAITING,0,0.177|0.230|0.296|0.249,,inf,
38.976,1,1.05051,0.79691,0.25879,0.01104,WAITING,0,0.174|0.226|0.293|0.257,,inf,
39.164,1,1.04903,0.79870,0.26007,0.00892,WAITING,0,0.176|0.220|0.282|0.255,,inf,
39.231,1,1.04903,0.80127,0.25986,0.00991,WAITING,0,0.165|0.208|0.258|0.250,,inf,
39.385,1,1.04138,0.79200,0.25619,0.04691,WAITING,0,0.077|0.136|0.183|0.166,,inf,
39.483,1,1.04245,0.79907,0.30311,0.02359,WAITING,0,0.431|0.467|0.398|0.392,,inf,
39.577,1,1.04076,0.79857,0.29899,0.00589,WAITING,0,0.123|0.152|0.209|0.275,,inf,
39.640,1,1.04037,0.80240,0.26987,0.01427,WAITING,0,0.125|0.065|0.201|0.178,,inf,
39.792,1,1.04232,0.80420,0.25908,0.01023,WAITING,0,0.156|0.160|0.264|0.210,,inf,
39.916,1,1.04627,0.80383,0.25783,0.01540,WAITING,0,0.174|0.210|0.294|0.201,,inf,
40.018,1,1.04753,0.80205,0.25825,0.00845,WAITING,0,0.175|0.230|0.309|0.213,,inf,
40.149,1,1.04862,0.80103,0.25543,0.00584,WAITING,0,0.153|0.207|0.290|0.187,,inf,
40.253,1,1.04947,0.80119,0.25510,0.00343,WAITING,0,0.174|0.222|0.280|0.185,,inf,
40.333,1,1.05031,0.79951,0.24855,0.00756,WAITING,0,0.160|0.218|0.290|0.207,,inf,
40.427,1,1.05159,0.80065,0.25600,0.00669,WAITING,0,0.154|0.215|0.292|0.187,,inf,
40.573,1,1.05323,0.80113,0.25840,0.00662,WAITING,0,0.182|0.217|0.283|0.181,,inf,
40.669,1,1.05668,0.80003,0.25774,0.01404,WAITING,0,0.161|0.232|0.294|0.176,,inf,
40.787,1,1.05692,0.79920,0.25728,0.00332,WAITING,0,0.188|0.249|0.295|0.176,,inf,
40.890,1,1.06167,0.79892,0.25707,0.01848,WAITING,0,0.172|0.231|0.288|0.184,,inf,
41.110,1,1.07068,0.80025,0.26538,0.03434,WAITING,0,0.185|0.238|0.281|0.175,,inf,
41.173,1,1.07593,0.80194,0.26022,0.02117,WAITING,0,0.159|0.231|0.273|0.168,,inf,
41.249,1,1.09010,0.80485,0.26531,0.05454,WAITING,0,0.177|0.215|0.290|0.190,,inf,
41.403,1,1.10156,0.80912,0.26856,0.04554,WAITING,0,0.203|0.249|0.298|0.193,,inf,
41.501,1,1.10996,0.81460,0.27005,0.03714,WAITING,0,0.198|0.243|0.280|0.182,,inf,
41.649,1,1.11249,0.81678,0.27525,0.01215,WAITING,0,0.210|0.241|0.290|0.205,,inf,
41.853,1,1.11176,0.81481,0.26838,0.00784,WAITING,0,0.197|0.232|0.304|0.204,,inf,
41.949,1,1.10982,0.81427,0.26920,0.00747,WAITING,0,0.191|0.239|0.298|0.208,,inf,
42.028,1,1.10739,0.81274,0.27004,0.01063,WAITING,0,0.194|0.223|0.303|0.193,,inf,
42.182,1,1.10506,0.80823,0.26307,0.01929,WAITING,0,0.186|0.224|0.286|0.201,,inf,
42.266,1,1.10224,0.80755,0.26995,0.01074,WAITING,0,0.194|0.235|0.319|0.232,,inf,
42.354,1,1.08991,0.80601,0.28763,0.04319,WAITING,0,0.186|0.069|0.103|0.188,,inf,
42.440,1,1.08970,0.81191,0.27743,0.02129,WAITING,0,0.007|0.095|0.147|0.154,,inf,
42.581,1,1.09063,0.81673,0.27323,0.01795,WAITING,0,0.111|0.160|0.231|0.195,,inf,
42.667,1,1.09025,0.81902,0.26682,0.00868,WAITING,0,0.127|0.200|0.248|0.206,,inf,
42.772,1,1.09392,0.81577,0.25387,0.01929,WAITING,0,0.118|0.173|0.251|0.226,,inf,
42.857,1,1.09733,0.81322,0.25138,0.01696,WAITING,0,0.102|0.193|0.275|0.240,,inf,
43.030,1,1.09969,0.81323,0.25900,0.00910,WAITING,0,0.114|0.190|0.261|0.221,,inf,
43.120,1,1.10011,0.81447,0.25971,0.00507,WAITING,0,0.130|0.188|0.262|0.208,,inf,
43.183,1,1.09980,0.81466,0.26172,0.00138,WAITING,0,0.132|0.192|0.264|0.215,,inf,
43.266,1,1.09941,0.81544,0.26183,0.00333,WAITING,0,0.131|0.194|0.264|0.215,,inf,
43.432,1,1.09902,0.81441,0.25879,0.00426,WAITING,0,0.122|0.185|0.261|0.213,,inf,
43.522,1,1.09911,0.81492,0.26104,0.00198,WAITING,0,0.096|0.188|0.272|0.215,,inf,
43.608,1,1.09686,0.81474,0.26524,0.00851,WAITING,0,0.139|0.188|0.256|0.224,,inf,
43.740,1,1.09613,0.81573,0.26270,0.00468,WAITING,0,0.129|0.189|0.258|0.217,,inf,
43.872,1,1.09657,0.81429,0.25921,0.00580,WAITING,0,0.119|0.197|0.266|0.221,,inf,
43.954,1,1.09784,0.81251,0.25884,0.00843,WAITING,0,0.101|0.192|0.266|0.223,,inf,
44.056,1,1.09611,0.81230,0.26429,0.00658,WAITING,0,0.135|0.199|0.256|0.208,,inf,
44.207,1,1.09505,0.81349,0.26573,0.00601,WAITING,0,0.095|0.185|0.229|0.195,,inf,
44.301,1,1.08764,0.81363,0.26908,0.02754,WAITING,0,0.067|0.132|0.146|0.160,,inf,
44.382,1,1.08006,0.83149,0.30281,0.06406,WAITING,0,0.632|0.738|0.713|0.535,,inf,
44.476,1,1.08242,0.84852,0.31189,0.05513,IN_MOTION,4,0.806|0.920|0.867|0.688,,inf,
44.628,1,1.09093,0.87127,0.33138,0.07330,IN_MOTION,5,0.822|0.893|0.815|0.657,,inf,
44.716,1,1.10114,0.89144,0.34507,0.06550,IN_MOTION,6,0.786|0.844|0.756|0.600,,inf,
44.794,1,1.10748,0.90820,0.34893,0.05137,IN_MOTION,7,0.788|0.842|0.751|0.583,,inf,
44.885,1,1.11470,0.91943,0.35447,0.03766,IN_MOTION,8,0.782|0.822|0.742|0.555,,inf,
45.057,1,1.11939,0.92499,0.35504,0.02048,IN_MOTION,9,0.780|0.820|0.743|0.551,,inf,
45.144,1,1.12321,0.92843,0.35622,0.01443,IN_MOTION,10,0.782|0.821|0.733|0.536,,inf,
45.219,1,1.07438,0.93360,0.36060,0.13615,IN_MOTION,11,0.771|0.811|0.723|0.562,,inf,
45.340,1,1.00812,0.93556,0.36371,0.18226,IN_MOTION,12,0.783|0.819|0.729|0.592,,inf,
45.432,1,0.91693,0.93125,0.35349,0.25826,IN_MOTION,13,0.803|0.851|0.756|0.628,,inf,
45.516,1,0.79185,0.92988,0.36257,0.34500,IN_MOTION,14,0.779|0.836|0.763|0.641,,inf,
45.597,1,0.65305,0.93242,0.37207,0.37311,IN_MOTION,15,0.722|0.788|0.750|0.599,,inf,
45.670,1,0.53067,0.93232,0.35527,0.34448,IN_MOTION,16,0.749|0.819|0.774|0.668,,inf,
45.866,1,0.43463,0.92313,0.34371,0.28070,IN_MOTION,17,0.742|0.845|0.809|0.682,,inf,
45.993,1,0.37063,0.91473,0.33790,0.19103,IN_MOTION,18,0.768|0.863|0.825|0.688,,inf,
46.087,1,0.31714,0.90101,0.33447,0.16508,IN_MOTION,19,0.776|0.885|0.851|0.717,,inf,
46.282,1,0.28746,0.89383,0.33556,0.09100,IN_MOTION,20,0.775|0.881|0.836|0.709,,inf,
46.385,1,0.27225,0.89318,0.33879,0.04493,IN_MOTION,21,0.774|0.881|0.827|0.700,,inf,
46.479,1,0.26410,0.89332,0.33774,0.02414,IN_MOTION,22,0.774|0.889|0.832|0.710,,inf,
46.690,1,0.25883,0.89504,0.33791,0.01642,IN_MOTION,23,0.777|0.895|0.845|0.725,,inf,
46.821,1,0.25431,0.89677,0.33839,0.01429,IN_MOTION,24,0.769|0.890|0.843|0.714,,inf,
47.002,1,0.25015,0.89930,0.33403,0.01459,IN_MOTION,25,0.803|0.924|0.871|0.730,,inf,
47.107,1,0.24960,0.90178,0.33799,0.00751,WAITING,0,0.788|0.906|0.851|0.719,,inf,
47.282,1,0.24816,0.90265,0.33740,0.00498,WAITING,0,0.798|0.912|0.851|0.718,,inf,
47.602,1,0.24574,0.90234,0.33463,0.00729,WAITING,0,0.806|0.920|0.863|0.720,,inf,
47.790,1,0.24280,0.90497,0.33343,0.01183,WAITING,0,0.814|0.931|0.859|0.733,,inf,
47.907,0,,,,0.00000,WAITING,0,,,,
48.016,0,,,,0.00000,WAITING,0,,,,
48.182,0,,,,0.00000,WAITING,0,,,,
48.289,0,,,,0.00000,WAITING,0,,,,
48.381,0,,,,0.00000,WAITING,0,,,,
48.461,0,,,,0.00000,WAITING,0,,,,
48.632,0,,,,0.00000,WAITING,0,,,,
48.733,0,,,,0.00000,WAITING,0,,,,
48.892,1,0.69452,0.94947,0.28686,0.00000,WAITING,0,0.889|0.954|0.870|0.638,,inf,
49.023,1,0.94391,0.94832,0.31563,0.79017,WAITING,0,0.836|0.890|0.785|0.522,,inf,
49.082,1,1.08582,0.92990,0.32888,0.43509,IN_MOTION,3,0.802|0.827|0.711|0.551,,inf,
49.199,1,1.15848,0.92017,0.33306,0.22011,IN_MOTION,4,0.792|0.804|0.725|0.546,,inf,
49.291,1,1.20034,0.91267,0.33075,0.12858,IN_MOTION,5,0.804|0.822|0.721|0.558,,inf,
49.456,1,1.22314,0.91058,0.33329,0.06872,IN_MOTION,6,0.799|0.811|0.705|0.529,,inf,
49.520,1,1.23339,0.91002,0.33158,0.03095,IN_MOTION,7,0.789|0.822|0.719|0.545,,inf,
49.607,1,1.23245,0.91732,0.34127,0.02156,IN_MOTION,8,0.790|0.801|0.699|0.527,,inf,
49.699,1,1.20992,0.92489,0.34809,0.06829,IN_MOTION,9,0.766|0.794|0.686|0.526,,inf,
49.859,1,1.15025,0.92990,0.35158,0.17032,IN_MOTION,10,0.741|0.788|0.691|0.559,,inf,
49.949,1,1.08017,0.93187,0.34829,0.20129,IN_MOTION,11,0.759|0.800|0.713|0.593,,inf,
50.036,1,0.95642,0.93053,0.35661,0.34703,IN_MOTION,12,0.733|0.801|0.715|0.581,,inf,
50.183,1,0.82077,0.93274,0.35517,0.38198,IN_MOTION,13,0.754|0.824|0.744|0.621,,inf,
50.270,1,0.69810,0.93347,0.35467,0.34588,IN_MOTION,14,0.727|0.819|0.752|0.657,,inf,
50.360,1,0.56935,0.92956,0.36535,0.35257,IN_MOTION,15,0.705|0.777|0.740|0.665,,inf,
50.449,1,0.47102,0.91787,0.34779,0.28471,IN_MOTION,16,0.736|0.819|0.768|0.651,,inf,
50.602,1,0.39596,0.90528,0.33936,0.22428,IN_MOTION,17,0.737|0.838|0.812|0.671,,inf,
50.699,1,0.34211,0.89558,0.33175,0.16491,IN_MOTION,18,0.754|0.862|0.815|0.682,,inf,
50.791,1,0.30746,0.89291,0.33113,0.10497,IN_MOTION,19,0.754|0.856|0.816|0.686,,inf,
50.980,1,0.28680,0.89293,0.33026,0.06257,IN_MOTION,20,0.764|0.878|0.827|0.702,,inf,
51.091,1,0.27552,0.89292,0.32768,0.03441,IN_MOTION,21,0.779|0.888|0.836|0.705,,inf,
51.182,1,0.27206,0.89368,0.32926,0.01077,IN_MOTION,22,0.775|0.893|0.840|0.710,,inf,
51.285,1,0.26832,0.89429,0.32957,0.01149,IN_MOTION,23,0.779|0.887|0.833|0.710,,inf,
51.484,1,0.26543,0.89430,0.32678,0.00883,IN_MOTION,24,0.776|0.896|0.845|0.723,,inf,
51.600,1,0.26525,0.89552,0.33001,0.00372,IN_MOTION,25,0.772|0.888|0.836|0.711,,inf,
51.705,1,0.26598,0.89633,0.32989,0.00330,WAITING,0,0.776|0.887|0.837|0.702,,inf,
52.549,1,0.26648,0.90056,0.32437,0.01313,WAITING,0,0.727|0.856|0.819|0.636,,inf,
52.606,1,0.28971,0.91141,0.28986,0.08847,WAITING,0,0.673|0.825|0.800|0.714,,inf,
52.666,1,0.29895,0.91632,0.26907,0.03888,WAITING,0,0.646|0.778|0.740|0.616,,inf,
52.732,1,0.29816,0.91259,0.24874,0.01532,WAITING,0,0.709|0.843|0.847|0.707,,inf,
52.866,1,0.29466,0.90840,0.24351,0.02243,WAITING,0,0.754|0.913|0.923|0.764,,inf,
53.037,1,0.29341,0.90676,0.25653,0.00804,WAITING,0,0.762|0.953|0.940|0.788,,inf,
53.104,1,0.29143,0.90770,0.28431,0.00770,WAITING,0,0.760|0.884|0.853|0.742,,inf,
53.201,1,0.28767,0.91305,0.29943,0.02183,WAITING,0,0.724|0.841|0.808|0.719,,inf,
53.340,1,0.28950,0.91533,0.30344,0.00965,WAITING,0,0.727|0.837|0.793|0.699,,inf,
53.456,1,0.29186,0.91580,0.30501,0.00789,WAITING,0,0.725|0.841|0.801|0.715,,inf,
53.540,1,0.29421,0.91774,0.30892,0.00987,WAITING,0,0.719|0.827|0.793|0.700,,inf,
53.630,1,0.29758,0.92140,0.31173,0.01596,WAITING,0,0.721|0.837|0.795|0.706,,inf,
53.817,1,0.31243,0.92699,0.31631,0.05016,WAITING,0,0.717|0.813|0.776|0.662,,inf,
53.914,1,0.33822,0.93614,0.32181,0.08502,WAITING,0,0.730|0.819|0.778|0.647,,inf,
53.994,1,0.41544,0.95751,0.33346,0.24028,IN_MOTION,4,0.761|0.856|0.797|0.650,,inf,
54.089,1,0.53802,0.97969,0.33942,0.36701,IN_MOTION,5,0.788|0.902|0.806|0.633,,inf,
54.250,1,0.65914,0.99806,0.34634,0.35370,IN_MOTION,6,0.765|0.844|0.766|0.597,,inf,
54.335,1,0.80658,1.00257,0.35313,0.41771,IN_MOTION,7,0.803|0.877|0.767|0.608,,inf,
54.426,1,0.96619,0.99951,0.35952,0.44406,IN_MOTION,8,0.797|0.866|0.742|0.545,,inf,
54.572,1,1.08545,0.99752,0.36279,0.32876,IN_MOTION,9,0.778|0.821|0.726|0.523,,inf,
54.683,1,1.16153,0.99216,0.35029,0.21774,IN_MOTION,10,0.814|0.861|0.739|0.467,,inf,
54.779,1,1.20230,0.98678,0.34089,0.12063,IN_MOTION,11,0.839|0.875|0.761|0.504,,inf,
54.874,1,1.22739,0.98501,0.34271,0.07341,IN_MOTION,12,0.830|0.874|0.767|0.529,,inf,
55.029,1,1.24324,0.98529,0.34405,0.04607,IN_MOTION,13,0.828|0.878|0.778|0.540,,inf,
55.120,1,1.25423,0.98061,0.33461,0.03570,IN_MOTION,14,0.846|0.901|0.812|0.551,,inf,
55.206,1,1.25153,0.98054,0.33479,0.00805,IN_MOTION,15,0.857|0.902|0.791|0.589,,inf,
55.299,1,1.24725,0.98293,0.33758,0.01454,IN_MOTION,16,0.855|0.903|0.818|0.602,,inf,
55.435,1,1.24372,0.98715,0.33989,0.01617,IN_MOTION,17,0.850|0.912|0.823|0.610,,inf,
55.532,1,1.25025,0.99275,0.34494,0.02494,WAITING,0,0.838|0.903|0.806|0.564,,inf,
55.636,1,1.25090,0.99331,0.33899,0.00252,WAITING,0,0.847|0.910|0.823|0.600,,inf,
55.791,1,1.24949,0.99369,0.33897,0.00433,WAITING,0,0.841|0.901|0.805|0.577,,inf,
55.872,1,1.24625,0.99519,0.33817,0.01054,WAITING,0,0.854|0.915|0.810|0.602,,inf,
55.970,1,1.24725,0.99840,0.33444,0.01005,WAITING,0,0.851|0.913|0.803|0.623,,inf,
56.066,1,1.24981,1.00084,0.33272,0.01063,WAITING,0,0.860|0.925|0.832|0.649,,inf,
56.253,1,1.24750,0.99728,0.32188,0.01317,WAITING,0,0.905|0.971|0.855|0.622,,inf,
56.346,1,1.24227,0.99876,0.32786,0.01658,WAITING,0,0.879|0.947|0.843|0.645,,inf,
56.453,1,1.23030,1.00485,0.33607,0.03996,WAITING,0,0.823|0.897|0.834|0.554,,inf,
56.673,1,1.21770,1.00461,0.32808,0.03840,WAITING,0,0.854|0.931|0.841|0.540,,inf,
56.768,1,1.18904,1.00167,0.34115,0.08446,WAITING,0,0.797|0.880|0.793|0.552,,inf,
56.857,1,1.14712,0.99851,0.31381,0.13397,IN_MOTION,4,0.834|0.693|0.807|0.603,,inf,
56.993,0,,,,0.00000,IN_MOTION,4,,,,
57.138,1,0.90872,0.98144,0.31821,0.75111,IN_MOTION,5,0.822|0.932|0.875|0.686,,inf,
57.213,1,0.71596,0.97047,0.33781,0.57153,IN_MOTION,6,0.763|0.882|0.836|0.623,,inf,
57.338,1,0.55861,0.96086,0.33241,0.47425,IN_MOTION,7,0.752|0.859|0.820|0.655,,inf,
57.482,1,0.45650,0.95094,0.32162,0.31898,IN_MOTION,8,0.750|0.880|0.860|0.691,,inf,
57.566,1,0.39529,0.94367,0.31912,0.19316,IN_MOTION,9,0.756|0.883|0.862|0.690,,inf,
57.650,1,0.35757,0.93456,0.31367,0.12372,IN_MOTION,10,0.762|0.892|0.859|0.695,,inf,
57.791,1,0.33675,0.92917,0.31403,0.06849,IN_MOTION,11,0.757|0.885|0.860|0.691,,inf,
57.891,1,0.32470,0.92770,0.31377,0.03869,IN_MOTION,12,0.753|0.890|0.860|0.694,,inf,
57.949,1,0.31967,0.92887,0.31565,0.01635,IN_MOTION,13,0.754|0.887|0.861|0.684,,inf,
57.995,1,0.31670,0.93087,0.31576,0.01134,IN_MOTION,14,0.760|0.888|0.858|0.687,,inf,
58.061,1,0.31390,0.93310,0.31708,0.01130,IN_MOTION,15,0.758|0.885|0.855|0.692,,inf,
58.216,1,0.31314,0.93385,0.31619,0.00338,IN_MOTION,16,0.757|0.888|0.860|0.687,,inf,
58.322,1,0.31159,0.93480,0.31544,0.00576,WAITING,0,0.752|0.888|0.854|0.677,,inf,
58.586,1,0.31389,0.93547,0.31729,0.00755,WAITING,0,0.754|0.884|0.855|0.683,,inf,
58.672,1,0.31419,0.93519,0.31692,0.00129,WAITING,0,0.752|0.883|0.845|0.683,,inf,
58.769,1,0.31139,0.93596,0.31436,0.00924,WAITING,0,0.761|0.894|0.863|0.694,,inf,
58.837,1,0.31076,0.93582,0.31476,0.00205,WAITING,0,0.758|0.892|0.859|0.690,,inf,
58.993,1,0.31099,0.93499,0.31249,0.00275,WAITING,0,0.759|0.901|0.869|0.695,,inf,
59.079,1,0.31102,0.93476,0.31334,0.00076,WAITING,0,0.760|0.891|0.863|0.691,,inf,
59.173,1,0.32638,0.93784,0.31775,0.04931,WAITING,0,0.756|0.876|0.845|0.667,,inf,
59.312,1,0.36373,0.93914,0.32022,0.11671,WAITING,0,0.761|0.864|0.833|0.631,,inf,
59.449,1,0.43948,0.94272,0.32935,0.23024,IN_MOTION,4,0.735|0.847|0.806|0.618,,inf,
59.541,1,0.56498,0.95660,0.33548,0.37637,IN_MOTION,5,0.790|0.883|0.828|0.602,,inf,
59.633,1,0.70887,0.97750,0.34402,0.42265,IN_MOTION,6,0.783|0.866|0.786|0.540,,inf,
59.772,1,0.85532,0.98981,0.34105,0.43094,IN_MOTION,7,0.782|0.867|0.799|0.592,,inf,
59.866,1,0.96550,0.99484,0.33670,0.32757,IN_MOTION,8,0.786|0.869|0.809|0.599,,inf,
59.926,1,1.05579,0.99626,0.34163,0.26432,IN_MOTION,9,0.811|0.877|0.789|0.543,,inf,
60.051,1,1.11085,0.99524,0.34477,0.15974,IN_MOTION,10,0.792|0.864|0.794|0.452,,inf,
60.303,1,1.14072,0.99502,0.34367,0.08692,IN_MOTION,11,0.806|0.884|0.809|0.493,,inf,
60.448,1,1.15606,0.99683,0.34350,0.04494,IN_MOTION,12,0.805|0.889|0.816|0.567,,inf,
60.590,1,1.16617,0.99787,0.34706,0.02928,IN_MOTION,13,0.793|0.869|0.797|0.504,,inf,
60.667,1,1.16912,0.99978,0.34898,0.01008,IN_MOTION,14,0.781|0.869|0.798|0.551,,inf,
60.761,1,1.17206,1.00192,0.34726,0.01048,IN_MOTION,15,0.795|0.875|0.792|0.550,,inf,
60.835,1,1.17344,1.00398,0.34647,0.00716,IN_MOTION,16,0.796|0.876|0.809|0.539,,inf,
61.005,1,1.17581,1.00670,0.34956,0.01032,WAITING,0,0.791|0.868|0.795|0.523,,inf,
61.132,1,1.17555,1.00624,0.34482,0.00153,WAITING,0,0.805|0.886|0.819|0.583,,inf,
61.234,1,1.17592,1.00669,0.34743,0.00166,WAITING,0,0.807|0.880|0.808|0.525,,inf,
61.371,1,1.17465,1.00401,0.34416,0.00862,WAITING,0,0.808|0.887|0.805|0.513,,inf,
61.453,1,1.17235,1.00463,0.35028,0.00679,WAITING,0,0.783|0.864|0.793|0.521,,inf,
61.541,1,1.17011,1.00413,0.34840,0.00658,WAITING,0,0.805|0.870|0.801|0.519,,inf,
61.655,1,1.16887,1.00337,0.35063,0.00415,WAITING,0,0.782|0.861|0.786|0.505,,inf,
61.790,1,1.17022,1.00249,0.34851,0.00461,WAITING,0,0.788|0.873|0.798|0.525,,inf,
61.880,1,1.16796,1.00234,0.34939,0.00647,WAITING,0,0.787|0.868|0.785|0.522,,inf,
61.939,1,1.16537,1.00375,0.35343,0.00835,WAITING,0,0.786|0.855|0.780|0.514,,inf,
62.024,1,1.12277,0.98830,0.34768,0.13034,WAITING,0,0.739|0.823|0.761|0.532,,inf,
62.140,1,1.05553,0.97717,0.35052,0.19442,IN_MOTION,4,0.720|0.812|0.775|0.638,,inf,
62.257,1,0.97142,0.96389,0.35272,0.24140,IN_MOTION,5,0.698|0.728|0.491|0.610,,inf,
62.332,1,0.89233,0.94192,0.34109,0.24066,IN_MOTION,6,0.739|0.842|0.773|0.593,,inf,
62.422,1,0.80492,0.93062,0.33867,0.26026,IN_MOTION,7,0.798|0.826|0.739|0.535,,inf,
62.515,1,0.70403,0.92297,0.35011,0.28897,IN_MOTION,8,0.664|0.808|0.733|0.583,,inf,
62.654,1,0.60301,0.91924,0.34109,0.29639,IN_MOTION,9,0.654|0.779|0.753|0.566,,inf,
62.734,1,0.52324,0.90875,0.32062,0.25095,IN_MOTION,10,0.697|0.816|0.800|0.660,,inf,
62.823,1,0.45712,0.89316,0.30560,0.22230,IN_MOTION,11,0.712|0.845|0.826|0.663,,inf,
62.913,1,0.41207,0.88280,0.29519,0.15659,IN_MOTION,12,0.733|0.876|0.870|0.702,,inf,
63.036,1,0.38239,0.87645,0.28926,0.10493,IN_MOTION,13,0.740|0.888|0.875|0.716,,inf,
63.113,1,0.35945,0.87267,0.28495,0.08159,IN_MOTION,14,0.748|0.890|0.880|0.708,,inf,
63.189,1,0.34625,0.87110,0.28570,0.04653,IN_MOTION,15,0.746|0.892|0.874|0.711,,inf,
63.273,1,0.34117,0.86949,0.28539,0.01868,IN_MOTION,16,0.750|0.890|0.867|0.708,,inf,
63.416,1,0.33696,0.86804,0.28423,0.01567,IN_MOTION,17,0.743|0.886|0.871|0.710,,inf,
63.498,1,0.33564,0.86660,0.28278,0.00689,IN_MOTION,18,0.749|0.892|0.871|0.708,,inf,
63.568,1,0.33359,0.86605,0.28244,0.00753,IN_MOTION,19,0.743|0.889|0.872|0.706,,inf,
63.649,1,0.33473,0.86641,0.28426,0.00421,WAITING,0,0.746|0.887|0.870|0.710,,inf,
63.857,1,0.33381,0.86605,0.28333,0.00350,WAITING,0,0.745|0.891|0.874|0.709,,inf,
63.939,1,0.33426,0.86620,0.28460,0.00168,WAITING,0,0.737|0.886|0.870|0.709,,inf,
64.027,1,0.33331,0.86717,0.28464,0.00480,WAITING,0,0.742|0.887|0.872|0.709,,inf,
64.120,1,0.33357,0.86745,0.28471,0.00134,WAITING,0,0.745|0.888|0.875|0.717,,inf,
64.287,1,0.33459,0.86654,0.28414,0.00482,WAITING,0,0.740|0.885|0.865|0.710,,inf,
64.369,1,0.33278,0.86575,0.28276,0.00699,WAITING,0,0.740|0.890|0.881|0.713,,inf,
64.449,1,0.35187,0.86712,0.28731,0.06664,WAITING,0,0.743|0.880|0.861|0.674,,inf,
64.587,1,0.37850,0.87228,0.29692,0.09133,IN_MOTION,4,0.708|0.840|0.820|0.594,,inf,
64.666,1,0.43025,0.88514,0.32022,0.16653,IN_MOTION,5,0.666|0.775|0.749|0.556,,inf,
64.724,1,0.51331,0.91023,0.32770,0.26477,IN_MOTION,6,0.664|0.703|0.630|0.584,,inf,
64.809,1,0.58982,0.92757,0.33087,0.23712,IN_MOTION,7,0.680|0.663|0.546|0.531,,inf,
64.882,1,0.67812,0.94732,0.33673,0.26869,IN_MOTION,8,0.716|0.808|0.788|0.592,,inf,
64.959,1,0.78822,0.96411,0.33879,0.32875,IN_MOTION,9,0.769|0.857|0.790|0.566,,inf,
65.016,1,0.88279,0.97078,0.33274,0.28493,IN_MOTION,10,0.788|0.883|0.832|0.633,,inf,
65.072,1,0.95419,0.97026,0.33049,0.21602,IN_MOTION,11,0.789|0.883|0.823|0.619,,inf,
65.154,1,1.00076,0.96826,0.32945,0.14150,IN_MOTION,12,0.799|0.890|0.816|0.616,,inf,
65.237,1,1.03156,0.96716,0.33149,0.09297,IN_MOTION,13,0.798|0.886|0.821|0.593,,inf,
65.391,1,1.05076,0.96632,0.33027,0.05819,IN_MOTION,14,0.800|0.890|0.822|0.596,,inf,
65.474,1,1.06116,0.96627,0.33093,0.03141,IN_MOTION,15,0.807|0.896|0.827|0.594,,inf,
65.544,1,1.06516,0.96747,0.33366,0.01254,IN_MOTION,16,0.793|0.892|0.823|0.606,,inf,
65.601,1,1.06779,0.96821,0.33461,0.00814,IN_MOTION,17,0.791|0.887|0.821|0.595,,inf,
65.691,1,1.07047,0.96898,0.33515,0.00831,IN_MOTION,18,0.790|0.882|0.812|0.590,,inf,
65.827,1,1.07256,0.96982,0.33374,0.00677,IN_MOTION,19,0.796|0.887|0.816|0.596,,inf,
65.934,1,1.07354,0.97035,0.33311,0.00335,WAITING,0,0.797|0.889|0.816|0.593,,inf,
66.094,1,1.07474,0.97383,0.33591,0.01094,WAITING,0,0.789|0.883|0.817|0.601,,inf,
66.237,1,1.07561,0.97621,0.33447,0.00758,WAITING,0,0.795|0.892|0.817|0.595,,inf,
66.333,1,1.07965,0.98010,0.33351,0.01681,WAITING,0,0.810|0.896|0.831|0.594,,inf,
66.416,1,1.08231,0.98297,0.33493,0.01169,WAITING,0,0.803|0.893|0.822|0.603,,inf,
66.494,1,1.08189,0.98497,0.33459,0.00611,WAITING,0,0.802|0.896|0.828|0.623,,inf,
66.701,1,1.08244,0.98603,0.33318,0.00358,WAITING,0,0.805|0.904|0.839|0.627,,inf,
66.782,1,1.08454,0.98648,0.33238,0.00646,WAITING,0,0.815|0.902|0.828|0.606,,inf,
66.871,1,1.08206,1.00561,0.33834,0.05701,WAITING,0,0.309|0.552|0.495|0.519,,inf,
67.053,1,1.10245,1.02981,0.33284,0.09506,IN_MOTION,4,0.364|0.474|0.565|0.552,,inf,
67.149,1,1.15940,1.01303,0.36209,0.16398,IN_MOTION,5,0.657|0.899|0.955|0.884,,inf,
67.206,1,1.18242,0.96764,0.34451,0.14773,IN_MOTION,6,0.715|0.744|0.690|0.622,,inf,
67.260,0,,,,0.00000,IN_MOTION,6,,,,
67.418,0,,,,0.00000,IN_MOTION,6,,,,
67.555,0,,,,0.00000,IN_MOTION,6,,,,
67.643,0,,,,0.00000,IN_MOTION,6,,,,
67.828,0,,,,0.00000,IN_MOTION,6,,,,
67.956,0,,,,0.00000,IN_MOTION,6,,,,
68.033,0,,,,0.00000,WAITING,0,,,,
68.289,1,0.83170,0.95449,0.19181,1.82978,WAITING,0,1.043|1.192|1.092|0.847,,inf,
68.372,1,0.64968,0.93860,0.19348,0.94437,IN_MOTION,2,1.088|1.216|1.148|0.911,,inf,
68.454,1,0.55026,0.89665,0.21836,0.49417,IN_MOTION,3,0.923|0.948|0.883|0.751,,inf,
68.621,1,0.49707,0.84868,0.20057,0.35711,IN_MOTION,4,1.116|1.215|1.101|0.864,,inf,
68.701,1,0.46995,0.79764,0.20553,0.28121,IN_MOTION,5,1.063|1.164|1.001|0.792,,inf,
68.773,1,0.41077,0.74051,0.21533,0.38200,IN_MOTION,6,0.906|0.867|0.652|0.437,,inf,
68.844,1,0.34613,0.70791,0.19609,0.36920,IN_MOTION,7,0.998|1.101|1.027|1.012,,inf,
68.973,1,0.29949,0.69847,0.23927,0.19889,IN_MOTION,8,0.343|0.277|0.278|0.327,,inf,
69.057,1,0.25199,0.70085,0.26091,0.18227,IN_MOTION,9,0.412|0.309|0.284|0.312,,inf,
69.136,1,0.20364,0.70159,0.26802,0.18043,IN_MOTION,10,0.208|0.128|0.046|0.054,,inf,
69.217,1,0.15143,0.70043,0.28724,0.18179,IN_MOTION,11,0.226|0.164|0.088|0.035,,inf,
69.388,1,0.11855,0.69951,0.28826,0.11413,IN_MOTION,12,0.261|0.184|0.106|0.017,,inf,
69.487,1,0.10156,0.69787,0.28437,0.06002,IN_MOTION,13,0.278|0.200|0.118|0.026,,inf,
69.567,1,0.09110,0.70682,0.28340,0.04858,IN_MOTION,14,0.204|0.152|0.072|0.044,,inf,
69.636,1,0.08294,0.71333,0.28245,0.03697,IN_MOTION,15,0.277|0.205|0.092|0.023,,inf,
69.758,1,0.07592,0.71858,0.27874,0.03145,IN_MOTION,16,0.272|0.202|0.092|0.029,,inf,
69.846,1,0.07154,0.72346,0.28074,0.02336,IN_MOTION,17,0.265|0.187|0.078|0.022,,inf,
69.917,1,0.07046,0.72626,0.28338,0.01058,IN_MOTION,18,0.253|0.184|0.079|0.026,,inf,
70.003,1,0.07023,0.72959,0.28787,0.01161,WAITING,0,0.302|0.230|0.122|0.020,,inf,
70.283,1,0.07211,0.73256,0.28298,0.01240,WAITING,0,0.272|0.194|0.089|0.037,,inf,
70.376,1,0.07555,0.73497,0.28137,0.01495,WAITING,0,0.279|0.201|0.093|0.029,,inf,
70.421,1,0.08232,0.73187,0.27822,0.02680,WAITING,0,0.295|0.203|0.109|0.025,,inf,
70.457,1,0.08730,0.73080,0.28005,0.01817,WAITING,0,0.270|0.188|0.093|0.025,,inf,
70.534,1,0.08922,0.73039,0.28037,0.00701,WAITING,0,0.295|0.200|0.109|0.032,,inf,
70.591,1,0.09126,0.73172,0.28107,0.00868,WAITING,0,0.268|0.182|0.087|0.025,,inf,
70.670,1,0.09138,0.73152,0.27926,0.00083,WAITING,0,0.277|0.184|0.087|0.032,,inf,
70.741,1,0.09048,0.73302,0.28104,0.00621,WAITING,0,0.265|0.183|0.091|0.038,,inf,
70.826,1,0.09018,0.73316,0.28046,0.00121,WAITING,0,0.261|0.186|0.095|0.036,,inf,
70.977,1,0.08918,0.73434,0.28699,0.00540,WAITING,0,0.269|0.189|0.096|0.013,,inf,
71.083,1,0.08994,0.73515,0.28363,0.00391,WAITING,0,0.286|0.197|0.099|0.020,,inf,
71.187,1,0.08719,0.73681,0.28806,0.01116,WAITING,0,0.259|0.180|0.090|0.023,,inf,
71.253,1,0.08687,0.73908,0.28771,0.00799,WAITING,0,0.267|0.185|0.096|0.020,,inf,
71.361,1,0.08564,0.73921,0.28735,0.00433,WAITING,0,0.282|0.190|0.089|0.018,,inf,
71.460,1,0.08473,0.73630,0.28206,0.01080,WAITING,0,0.270|0.205|0.111|0.030,,inf,
71.534,1,0.08490,0.73698,0.28760,0.00244,WAITING,0,0.282|0.185|0.085|0.023,,inf,
71.638,1,0.08451,0.73720,0.28510,0.00160,WAITING,0,0.278|0.198|0.101|0.012,,inf,
71.796,1,0.08587,0.73818,0.28529,0.00590,WAITING,0,0.297|0.206|0.103|0.009,,inf,
71.882,1,0.08556,0.73844,0.28720,0.00140,WAITING,0,0.273|0.192|0.092|0.013,,inf,
71.951,1,0.08496,0.73942,0.28892,0.00396,WAITING,0,0.272|0.190|0.091|0.017,,inf,
72.033,1,0.08510,0.73921,0.28703,0.00087,WAITING,0,0.280|0.197|0.102|0.011,,inf,
72.321,1,0.08481,0.73922,0.28880,0.00101,WAITING,0,0.270|0.193|0.089|0.020,,inf,
72.499,1,0.08465,0.74056,0.28870,0.00466,WAITING,0,0.285|0.196|0.094|0.008,,inf,
72.623,1,0.08511,0.74181,0.29170,0.00458,WAITING,0,0.277|0.191|0.089|0.020,,inf,
72.727,1,0.08514,0.74256,0.28994,0.00259,WAITING,0,0.271|0.197|0.100|0.005,,inf,
72.823,1,0.08563,0.74158,0.28835,0.00379,WAITING,0,0.290|0.208|0.101|0.011,,inf,
72.969,1,0.08530,0.74289,0.29247,0.00459,WAITING,0,0.279|0.191|0.090|0.021,,inf,
73.090,1,0.08489,0.74276,0.29053,0.00150,WAITING,0,0.268|0.189|0.092|0.020,,inf,
73.155,1,0.08551,0.74394,0.29049,0.00460,WAITING,0,0.278|0.194|0.093|0.018,,inf,
73.216,1,0.08582,0.74442,0.28873,0.00197,WAITING,0,0.278|0.198|0.100|0.010,,inf,
73.277,1,0.08539,0.74674,0.29424,0.00802,WAITING,0,0.304|0.232|0.147|0.041,,inf,
73.351,1,0.08653,0.76048,0.28555,0.04831,WAITING,0,0.423|0.381|0.306|0.188,,inf,
73.420,1,0.08582,0.79462,0.29129,0.11722,WAITING,0,0.836|0.773|0.442|0.283,,inf,
73.474,0,,,,0.00000,WAITING,0,,,,
73.524,0,,,,0.00000,WAITING,0,,,,
73.583,0,,,,0.00000,WAITING,0,,,,
73.631,0,,,,0.00000,WAITING,0,,,,
73.682,0,,,,0.00000,WAITING,0,,,,
73.735,0,,,,0.00000,WAITING,0,,,,
73.769,0,,,,0.00000,WAITING,0,,,,
73.824,0,,,,0.00000,WAITING,0,,,,
73.866,0,,,,0.00000,WAITING,0,,,,
73.914,0,,,,0.00000,WAITING,0,,,,
73.964,0,,,,0.00000,WAITING,0,,,,
74.004,0,,,,0.00000,WAITING,0,,,,
74.041,0,,,,0.00000,WAITING,0,,,,
74.083,0,,,,0.00000,WAITING,0,,,,
74.123,0,,,,0.00000,WAITING,0,,,,
74.194,0,,,,0.00000,WAITING,0,,,,
74.259,1,0.11682,0.81964,0.28955,0.00000,WAITING,0,0.142|0.104|0.077|0.072,,inf,
74.302,1,0.13643,0.79896,0.28983,0.09833,WAITING,0,0.227|0.156|0.089|0.025,,inf,
74.404,1,0.14777,0.76348,0.28689,0.12985,IN_MOTION,3,0.205|0.171|0.091|0.007,,inf,
74.449,1,0.15608,0.73346,0.28217,0.11039,IN_MOTION,4,0.233|0.191|0.117|0.009,,inf,
74.494,1,0.15482,0.70808,0.28813,0.08819,IN_MOTION,5,0.249|0.206|0.128|0.015,,inf,
74.535,1,0.14994,0.69304,0.28955,0.05461,IN_MOTION,6,0.282|0.222|0.138|0.024,,inf,
74.572,1,0.14633,0.68395,0.28835,0.03393,IN_MOTION,7,0.274|0.202|0.129|0.014,,inf,
74.644,1,0.14155,0.68022,0.28704,0.02113,IN_MOTION,8,0.297|0.227|0.145|0.029,,inf,
74.699,1,0.14110,0.67946,0.28622,0.00307,IN_MOTION,9,0.306|0.231|0.144|0.030,,inf,
74.782,1,0.14109,0.67943,0.28903,0.00009,IN_MOTION,10,0.280|0.206|0.110|0.003,,inf,
74.875,1,0.13968,0.68114,0.28699,0.00769,WAITING,0,0.261|0.204|0.112|0.024,,inf,
75.222,1,0.13575,0.68304,0.28759,0.01518,WAITING,0,0.274|0.206|0.121|0.004,,inf,
75.385,1,0.13128,0.68591,0.28809,0.01846,WAITING,0,0.277|0.206|0.118|0.008,,inf,
75.476,1,0.12884,0.69182,0.29000,0.02205,WAITING,0,0.275|0.202|0.119|0.020,,inf,
75.561,1,0.12788,0.69447,0.28883,0.00979,WAITING,0,0.260|0.193|0.112|0.006,,inf,
75.646,1,0.12767,0.69787,0.29014,0.01174,WAITING,0,0.259|0.188|0.109|0.007,,inf,
75.808,1,0.12864,0.69845,0.28728,0.00395,WAITING,0,0.258|0.187|0.110|0.024,,inf,
75.904,1,0.12700,0.69924,0.28972,0.00630,WAITING,0,0.258|0.192|0.109|0.008,,inf,
75.952,1,0.12769,0.70104,0.28629,0.00672,WAITING,0,0.286|0.217|0.127|0.017,,inf,
76.058,1,0.12800,0.70231,0.28617,0.00458,WAITING,0,0.280|0.211|0.129|0.026,,inf,
76.249,1,0.12675,0.70456,0.29356,0.00876,WAITING,0,0.251|0.185|0.105|0.025,,inf,
76.346,1,0.12772,0.70400,0.29115,0.00382,WAITING,0,0.275|0.213|0.126|0.021,,inf,
76.450,1,0.13088,0.70414,0.28345,0.01116,WAITING,0,0.247|0.183|0.105|0.013,,inf,
76.627,1,0.13465,0.70391,0.27753,0.01361,WAITING,0,0.212|0.161|0.083|0.015,,inf,
76.696,1,0.13237,0.70774,0.28860,0.01545,WAITING,0,0.240|0.189|0.116|0.010,,inf,
76.786,1,0.13237,0.70771,0.28127,0.00011,WAITING,0,0.251|0.184|0.110|0.024,,inf,
76.902,1,0.12888,0.70821,0.29130,0.01209,WAITING,0,0.254|0.198|0.118|0.006,,inf,
77.067,1,0.12626,0.70806,0.28810,0.00913,WAITING,0,0.263|0.204|0.119|0.020,,inf,
77.154,1,0.12533,0.70911,0.28843,0.00485,WAITING,0,0.263|0.198|0.115|0.024,,inf,
77.235,1,0.12442,0.71038,0.28971,0.00541,WAITING,0,0.252|0.178|0.101|0.018,,inf,
77.378,1,0.12574,0.71144,0.28604,0.00591,WAITING,0,0.264|0.200|0.119|0.040,,inf,
77.497,1,0.12769,0.71113,0.28438,0.00692,WAITING,0,0.239|0.180|0.103|0.015,,inf,
77.587,1,0.12794,0.71036,0.28884,0.00281,WAITING,0,0.250|0.200|0.120|0.016,,inf,
77.687,1,0.12706,0.71081,0.28430,0.00346,WAITING,0,0.245|0.175|0.100|0.042,,inf,
77.847,1,0.12406,0.71400,0.29344,0.01492,WAITING,0,0.268|0.209|0.124|0.018,,inf,
77.940,1,0.12629,0.71328,0.28529,0.00818,WAITING,0,0.266|0.201|0.118|0.023,,inf,
78.009,1,0.13179,0.70771,0.27436,0.02857,WAITING,0,0.271|0.190|0.113|0.026,,inf,
78.107,1,0.13163,0.70522,0.28064,0.00889,WAITING,0,0.268|0.194|0.109|0.012,,inf,
78.259,1,0.13142,0.70592,0.28432,0.00258,WAITING,0,0.267|0.196|0.114|0.007,,inf,
78.348,1,0.12934,0.70758,0.28275,0.00942,WAITING,0,0.266|0.208|0.119|0.011,,inf,
78.464,1,0.12797,0.70919,0.28420,0.00745,WAITING,0,0.269|0.200|0.113|0.007,,inf,
78.660,1,0.12660,0.70980,0.28505,0.00524,WAITING,0,0.244|0.185|0.106|0.014,,inf,
78.749,1,0.12841,0.71032,0.28141,0.00670,WAITING,0,0.285|0.198|0.113|0.008,,inf,
78.830,1,0.12806,0.74980,0.31516,0.12526,WAITING,0,0.565|0.464|0.315|0.169,,inf,
78.990,1,0.11362,0.80234,0.31811,0.17132,IN_MOTION,4,0.449|0.397|0.290|0.193,,inf,
79.062,0,,,,0.00000,IN_MOTION,4,,,,
79.223,0,,,,0.00000,IN_MOTION,4,,,,
79.353,0,,,,0.00000,IN_MOTION,4,,,,
79.539,0,,,,0.00000,IN_MOTION,4,,,,
79.635,0,,,,0.00000,IN_MOTION,4,,,,
79.842,1,0.50121,0.70827,0.31635,1.26075,IN_MOTION,5,0.422|0.350|0.244|0.145,,inf,
79.943,1,0.69895,0.65117,0.30637,0.67181,IN_MOTION,6,0.382|0.337|0.251|0.147,,inf,
80.026,1,0.80683,0.61969,0.30224,0.37182,IN_MOTION,7,0.389|0.346|0.257|0.155,,inf,
80.185,1,0.86491,0.60449,0.29920,0.20063,IN_MOTION,8,0.343|0.310|0.235|0.151,,inf,
80.278,1,0.89542,0.59587,0.29559,0.10729,IN_MOTION,9,0.381|0.340|0.249|0.145,,inf,
80.367,1,0.91560,0.59587,0.29000,0.06958,IN_MOTION,10,0.328|0.295|0.216|0.115,,inf,
80.480,1,0.92757,0.59935,0.28966,0.04304,IN_MOTION,11,0.394|0.353|0.256|0.149,,inf,
81.919,1,0.93346,0.59942,0.28798,0.02045,IN_MOTION,12,0.372|0.325|0.228|0.126,,inf,
82.367,1,0.93643,0.59963,0.28813,0.01033,IN_MOTION,13,0.380|0.324|0.227|0.133,,inf,
82.553,1,0.94820,0.66446,0.27899,0.23617,IN_MOTION,14,0.267|0.243|0.141|0.042,,inf,
82.669,1,0.95887,0.70144,0.28376,0.13566,IN_MOTION,15,0.282|0.237|0.143|0.036,,inf,
82.764,1,0.97157,0.73035,0.29473,0.10714,IN_MOTION,16,0.258|0.222|0.127|0.045,,inf,
82.859,1,0.97812,0.74825,0.29502,0.06460,IN_MOTION,17,0.246|0.211|0.119|0.039,,inf,
83.033,1,0.98190,0.75935,0.29338,0.03997,IN_MOTION,18,0.266|0.221|0.132|0.041,,inf,
83.128,1,0.98592,0.76860,0.29309,0.03441,IN_MOTION,19,0.286|0.232|0.135|0.064,,inf,
83.266,1,0.98907,0.77308,0.29411,0.01861,IN_MOTION,20,0.259|0.197|0.103|0.056,,inf,
83.429,1,0.99178,0.77533,0.29628,0.01189,IN_MOTION,21,0.263|0.204|0.117|0.056,,inf,
83.517,1,0.99235,0.77461,0.29262,0.00312,IN_MOTION,22,0.256|0.193|0.101|0.046,,inf,
83.635,1,0.99340,0.77784,0.29276,0.01161,WAITING,0,0.275|0.212|0.114|0.049,,inf,
83.853,1,0.99128,0.77821,0.29094,0.00738,WAITING,0,0.278|0.214|0.119|0.046,,inf,
83.951,1,0.99177,0.78105,0.29424,0.00979,WAITING,0,0.261|0.201|0.106|0.061,,inf,
84.028,1,0.99434,0.78435,0.30094,0.01391,WAITING,0,0.272|0.206|0.112|0.029,,inf,
84.191,1,0.99607,0.78492,0.29508,0.00617,WAITING,0,0.250|0.201|0.108|0.052,,inf,
84.284,1,0.99741,0.78969,0.29700,0.01668,WAITING,0,0.267|0.213|0.118|0.050,,inf,
84.375,1,1.00201,0.79377,0.29863,0.02059,WAITING,0,0.272|0.221|0.128|0.043,,inf,
84.473,1,1.00256,0.79124,0.29883,0.00868,WAITING,0,0.247|0.195|0.105|0.041,,inf,
84.646,1,0.99981,0.78889,0.29004,0.01247,WAITING,0,0.255|0.194|0.104|0.067,,inf,
84.728,1,1.00039,0.79105,0.29676,0.00754,WAITING,0,0.272|0.221|0.125|0.045,,inf,
84.827,1,1.00203,0.79144,0.29786,0.00566,WAITING,0,0.256|0.206|0.116|0.051,,inf,
84.956,1,1.00253,0.79014,0.29811,0.00466,WAITING,0,0.246|0.203|0.110|0.052,,inf,
85.059,1,1.00006,0.78961,0.29349,0.00863,WAITING,0,0.256|0.204|0.108|0.035,,inf,
85.142,1,0.99993,0.78927,0.29676,0.00120,WAITING,0,0.280|0.213|0.119|0.032,,inf,
85.230,1,1.00077,0.79020,0.29732,0.00420,WAITING,0,0.261|0.211|0.118|0.036,,inf,
85.388,1,1.00278,0.78891,0.30039,0.00796,WAITING,0,0.262|0.214|0.120|0.046,,inf,
85.499,1,1.00320,0.79002,0.29807,0.00397,WAITING,0,0.264|0.214|0.120|0.042,,inf,
85.602,1,1.00390,0.78863,0.30029,0.00518,WAITING,0,0.249|0.194|0.108|0.036,,inf,
85.701,1,1.00452,0.78734,0.30031,0.00477,WAITING,0,0.264|0.214|0.119|0.044,,inf,
85.849,1,1.00450,0.78533,0.29701,0.00678,WAITING,0,0.239|0.193|0.107|0.050,,inf,
85.947,1,1.00316,0.78529,0.29604,0.00455,WAITING,0,0.253|0.205|0.112|0.040,,inf,
86.043,1,1.00300,0.78498,0.29501,0.00120,WAITING,0,0.266|0.220|0.129|0.047,,inf,
86.232,1,1.00323,0.78340,0.29592,0.00537,WAITING,0,0.270|0.215|0.128|0.052,,inf,
86.336,1,1.00388,0.78375,0.29684,0.00247,WAITING,0,0.253|0.212|0.123|0.054,,inf,
86.404,1,1.00482,0.78458,0.29997,0.00417,WAITING,0,0.266|0.217|0.129|0.045,,inf,
86.491,1,1.00585,0.78706,0.30003,0.00897,WAITING,0,0.262|0.215|0.124|0.051,,inf,
86.716,1,1.00378,0.78747,0.29246,0.00721,WAITING,0,0.260|0.209|0.119|0.041,,inf,
86.817,1,1.00527,0.78823,0.30097,0.00555,WAITING,0,0.250|0.208|0.119|0.039,,inf,
86.976,1,1.00605,0.79159,0.29854,0.01155,WAITING,0,0.281|0.227|0.133|0.053,,inf,
87.069,1,1.00716,0.79293,0.29718,0.00586,WAITING,0,0.252|0.191|0.100|0.035,,inf,
87.129,1,1.00804,0.79411,0.29759,0.00494,WAITING,0,0.260|0.203|0.110|0.049,,inf,
87.246,1,1.00893,0.79279,0.29888,0.00534,WAITING,0,0.264|0.215|0.124|0.038,,inf,
87.415,1,1.01059,0.79623,0.30382,0.01256,WAITING,0,0.258|0.208|0.121|0.044,,inf,
87.507,1,1.00138,0.82385,0.28662,0.10158,WAITING,0,0.439|0.398|0.299|0.169,,inf,
87.619,1,1.01274,0.86534,0.33990,0.12658,IN_MOTION,4,0.698|0.734|0.661|0.479,,inf,
87.770,0,,,,0.00000,IN_MOTION,4,,,,
87.888,0,,,,0.00000,IN_MOTION,4,,,,
88.000,0,,,,0.00000,IN_MOTION,4,,,,
88.161,0,,,,0.00000,IN_MOTION,4,,,,
88.294,0,,,,0.00000,IN_MOTION,4,,,,
88.366,0,,,,0.00000,IN_MOTION,4,,,,
88.433,0,,,,0.00000,WAITING,0,,,,
88.664,0,,,,0.00000,WAITING,0,,,,
88.759,0,,,,0.00000,WAITING,0,,,,
88.816,0,,,,0.00000,WAITING,0,,,,
88.960,0,,,,0.00000,WAITING,0,,,,
89.059,0,,,,0.00000,WAITING,0,,,,
89.147,0,,,,0.00000,WAITING,0,,,,
89.230,0,,,,0.00000,WAITING,0,,,,
89.385,0,,,,0.00000,WAITING,0,,,,
89.486,0,,,,0.00000,WAITING,0,,,,
89.619,0,,,,0.00000,WAITING,0,,,,
89.754,0,,,,0.00000,WAITING,0,,,,
89.930,1,1.06853,0.86290,0.25730,0.00000,WAITING,0,0.406|0.321|0.196|0.109,,inf,
90.021,1,1.10251,0.83878,0.25377,0.16420,WAITING,0,0.356|0.305|0.208|0.148,,inf,
90.172,1,1.11687,0.81482,0.25178,0.11091,IN_MOTION,3,0.338|0.271|0.209|0.190,,inf,
90.272,1,1.12614,0.80687,0.26189,0.04665,IN_MOTION,4,0.348|0.293|0.198|0.145,,inf,
90.354,1,1.13142,0.80482,0.26426,0.02142,IN_MOTION,5,0.334|0.274|0.178|0.109,,inf,
90.441,1,1.13669,0.80396,0.26280,0.02034,IN_MOTION,6,0.343|0.295|0.197|0.117,,inf,
90.670,1,1.13942,0.80086,0.25976,0.01591,IN_MOTION,7,0.347|0.299|0.199|0.107,,inf,
90.757,1,1.14088,0.80298,0.26210,0.00984,IN_MOTION,8,0.320|0.275|0.179|0.120,,inf,
90.835,1,1.14267,0.80620,0.26453,0.01392,WAITING,0,0.325|0.282|0.182|0.105,,inf,
91.097,1,1.14253,0.80434,0.26423,0.00708,WAITING,0,0.325|0.276|0.177|0.099,,inf,
91.196,1,1.14343,0.80615,0.26490,0.00764,WAITING,0,0.335|0.297|0.197|0.110,,inf,
91.302,1,1.14467,0.80788,0.26599,0.00800,WAITING,0,0.334|0.294|0.195|0.130,,inf,
91.452,1,1.14552,0.80763,0.26282,0.00337,WAITING,0,0.332|0.287|0.185|0.105,,inf,
91.544,1,1.14658,0.80591,0.26192,0.00772,WAITING,0,0.320|0.278|0.178|0.101,,inf,
91.731,1,1.14859,0.80742,0.26530,0.00944,WAITING,0,0.335|0.289|0.188|0.125,,inf,
91.910,1,1.14956,0.80752,0.26547,0.00367,WAITING,0,0.343|0.288|0.192|0.115,,inf,
92.030,1,1.14456,0.81056,0.25184,0.02321,WAITING,0,0.383|0.342|0.239|0.139,,inf,
92.190,1,1.12719,0.83522,0.29981,0.10063,WAITING,0,0.470|0.469|0.404|0.284,,inf,
92.317,1,1.08387,0.85024,0.31260,0.14667,IN_MOTION,4,0.392|0.462|0.437|0.365,,inf,
92.386,1,1.07507,0.86353,0.28435,0.05605,IN_MOTION,5,0.151|0.176|0.195|0.267,,inf,
92.464,1,1.08283,0.87597,0.28811,0.05089,IN_MOTION,6,0.027|0.070|0.126|0.192,,inf,
92.629,1,1.09245,0.88516,0.29288,0.04543,IN_MOTION,7,0.077|0.053|0.217|0.208,,inf,
92.724,1,1.10301,0.88748,0.29159,0.03705,IN_MOTION,8,0.091|0.114|0.228|0.198,,inf,
92.808,1,1.12518,0.87937,0.29028,0.08133,IN_MOTION,9,0.130|0.157|0.243|0.172,,inf,
92.953,1,1.13998,0.87124,0.28482,0.05929,IN_MOTION,10,0.093|0.166|0.231|0.177,,inf,
93.063,1,1.14728,0.86438,0.28419,0.03526,IN_MOTION,11,0.138|0.191|0.239|0.187,,inf,
93.158,1,1.15032,0.86378,0.28583,0.01085,IN_MOTION,12,0.118|0.168|0.242|0.184,,inf,
93.244,1,1.15190,0.86148,0.28452,0.00981,IN_MOTION,13,0.151|0.191|0.257|0.195,,inf,
93.418,1,1.15261,0.86178,0.28690,0.00268,IN_MOTION,14,0.133|0.185|0.258|0.194,,inf,
93.508,1,1.15367,0.86206,0.28757,0.00380,IN_MOTION,15,0.124|0.181|0.251|0.195,,inf,
93.586,1,1.15374,0.86396,0.28847,0.00659,WAITING,0,0.157|0.204|0.248|0.174,,inf,
93.790,1,1.15411,0.86490,0.28903,0.00350,WAITING,0,0.141|0.201|0.272|0.203,,inf,
93.884,1,1.15369,0.86635,0.28807,0.00523,WAITING,0,0.138|0.195|0.262|0.194,,inf,
93.950,1,1.15336,0.87033,0.29276,0.01366,WAITING,0,0.144|0.200|0.257|0.186,,inf,
94.036,1,1.15295,0.87229,0.29171,0.00685,WAITING,0,0.165|0.208|0.265|0.186,,inf,
94.189,1,1.15263,0.87483,0.29184,0.00879,WAITING,0,0.152|0.206|0.263|0.197,,inf,
94.280,1,1.15351,0.87575,0.29280,0.00435,WAITING,0,0.144|0.209|0.277|0.203,,inf,
94.369,1,1.15276,0.87620,0.29045,0.00301,WAITING,0,0.139|0.200|0.265|0.192,,inf,
94.467,1,1.15330,0.87834,0.29411,0.00751,WAITING,0,0.147|0.196|0.263|0.200,,inf,
94.649,1,1.15395,0.87707,0.28958,0.00494,WAITING,0,0.155|0.204|0.278|0.201,,inf,
94.727,1,1.15575,0.87608,0.28680,0.00718,WAITING,0,0.144|0.186|0.254|0.178,,inf,
94.813,1,1.15676,0.87086,0.29142,0.01824,WAITING,0,0.078|0.059|0.143|0.153,,inf,
94.976,1,1.15468,0.86988,0.31857,0.00723,WAITING,0,0.486|0.484|0.395|0.385,,inf,
95.100,1,1.15391,0.85530,0.31551,0.04627,WAITING,0,0.809|0.858|0.780|0.634,,inf,
95.208,1,1.15953,0.85621,0.32847,0.01733,WAITING,0,0.737|0.735|0.657|0.485,,inf,
95.363,1,1.16117,0.86328,0.33154,0.02190,WAITING,0,0.753|0.744|0.671|0.484,,inf,
95.491,1,1.16005,0.86596,0.33190,0.00875,WAITING,0,0.750|0.738|0.656|0.476,,inf,
95.557,1,1.15710,0.87006,0.33382,0.01512,WAITING,0,0.757|0.747|0.659|0.469,,inf,
95.644,1,1.15776,0.87324,0.33476,0.00970,WAITING,0,0.761|0.752|0.653|0.464,,inf,
95.821,1,1.15787,0.87852,0.33878,0.01558,WAITING,0,0.760|0.751|0.660|0.470,,inf,
95.918,1,1.15883,0.88317,0.34123,0.01391,WAITING,0,0.763|0.755|0.668|0.473,,inf,
96.009,1,1.15838,0.88736,0.34092,0.01237,WAITING,0,0.770|0.772|0.685|0.490,,inf,
96.183,1,1.15745,0.88852,0.33713,0.00441,WAITING,0,0.782|0.783|0.706|0.495,,inf,
96.288,1,1.15785,0.89280,0.34039,0.01264,WAITING,0,0.789|0.783|0.687|0.491,,inf,
96.388,1,1.15493,0.89647,0.33760,0.01390,WAITING,0,0.783|0.814|0.726|0.539,,inf,
96.485,1,1.15270,0.89857,0.33697,0.00908,WAITING,0,0.787|0.817|0.721|0.549,,inf,
96.700,1,1.15369,0.90032,0.33646,0.00598,WAITING,0,0.805|0.830|0.742|0.542,,inf,
96.810,1,1.15051,0.90312,0.33888,0.01253,WAITING,0,0.796|0.828|0.751|0.544,,inf,
96.898,1,1.14699,0.91051,0.33966,0.02409,WAITING,0,0.802|0.844|0.751|0.552,,inf,
97.043,1,1.13968,0.91396,0.33595,0.02406,WAITING,0,0.809|0.853|0.780|0.576,,inf,
97.127,1,1.13175,0.91742,0.33498,0.02583,WAITING,0,0.809|0.857|0.794|0.590,,inf,
97.221,1,1.11851,0.92384,0.33225,0.04429,WAITING,0,0.804|0.875|0.799|0.606,,inf,
97.370,1,1.10924,0.93058,0.33292,0.03441,WAITING,0,0.814|0.876|0.793|0.610,,inf,
97.502,1,1.10237,0.93674,0.33642,0.02742,WAITING,0,0.799|0.863|0.794|0.608,,inf,
97.594,1,1.09807,0.93759,0.32977,0.01329,WAITING,0,0.823|0.881|0.807|0.617,,inf,
97.698,1,1.09835,0.93747,0.33092,0.00092,WAITING,0,0.812|0.873|0.793|0.609,,inf,
97.866,1,1.09680,0.93842,0.33230,0.00547,WAITING,0,0.813|0.881|0.803|0.604,,inf,
97.960,1,1.09509,0.94034,0.33383,0.00771,WAITING,0,0.807|0.878|0.814|0.616,,inf,
98.043,1,1.10050,0.94328,0.33762,0.01821,WAITING,0,0.806|0.871|0.798|0.596,,inf,
98.192,1,1.10377,0.94267,0.33020,0.01006,WAITING,0,0.832|0.904|0.824|0.621,,inf,
98.269,1,1.10662,0.94343,0.33508,0.00881,WAITING,0,0.811|0.877|0.808|0.603,,inf,
98.352,1,1.10639,0.94265,0.33137,0.00248,WAITING,0,0.826|0.899|0.820|0.623,,inf,
98.433,1,1.10671,0.94263,0.33411,0.00097,WAITING,0,0.813|0.884|0.813|0.610,,inf,
98.569,1,1.10693,0.94039,0.33021,0.00681,WAITING,0,0.824|0.897|0.817|0.617,,inf,
98.668,1,1.10644,0.94023,0.33417,0.00155,WAITING,0,0.808|0.882|0.806|0.597,,inf,
98.773,1,1.10613,0.94110,0.33478,0.00275,WAITING,0,0.813|0.882|0.817|0.613,,inf,
98.846,1,1.10591,0.93929,0.33190,0.00551,WAITING,0,0.818|0.890|0.809|0.608,,inf,
99.002,1,1.10740,0.93880,0.33417,0.00469,WAITING,0,0.813|0.883|0.806|0.610,,inf,
99.092,1,1.10688,0.93807,0.33319,0.00269,WAITING,0,0.820|0.889|0.808|0.596,,inf,
99.180,1,1.10728,0.93630,0.33391,0.00542,WAITING,0,0.816|0.882|0.799|0.602,,inf,
99.274,1,1.10388,0.93002,0.33082,0.02159,WAITING,0,0.813|0.878|0.805|0.609,,inf,
99.441,1,1.09903,0.92059,0.32616,0.03251,WAITING,0,0.825|0.889|0.805|0.603,,inf,
99.547,1,1.09389,0.91456,0.32647,0.02427,WAITING,0,0.822|0.892|0.815|0.613,,inf,
99.676,1,1.08966,0.90935,0.32669,0.02053,WAITING,0,0.826|0.887|0.813|0.606,,inf,
99.855,1,1.08946,0.90706,0.33178,0.00695,WAITING,0,0.811|0.883|0.792|0.598,,inf,
99.950,1,1.08825,0.90687,0.33135,0.00369,WAITING,0,0.812|0.889|0.806|0.603,,inf,
100.027,1,1.08924,0.90481,0.32707,0.00700,WAITING,0,0.829|0.902|0.820|0.616,,inf,
100.171,1,1.09038,0.90673,0.33416,0.00666,WAITING,0,0.810|0.882|0.805|0.598,,inf,
100.273,1,1.09033,0.90760,0.33122,0.00263,WAITING,0,0.819|0.894|0.809|0.604,,inf,
100.369,1,1.09074,0.90717,0.32938,0.00178,WAITING,0,0.822|0.901|0.815|0.605,,inf,
100.459,1,1.08740,0.90372,0.32862,0.01461,WAITING,0,0.820|0.882|0.798|0.595,,inf,
100.631,1,1.08677,0.90097,0.32942,0.00857,WAITING,0,0.821|0.885|0.800|0.602,,inf,
100.696,1,1.08502,0.89865,0.32635,0.00890,WAITING,0,0.827|0.905|0.820|0.617,,inf,
100.806,1,1.08423,0.89831,0.32616,0.00264,WAITING,0,0.824|0.896|0.814|0.604,,inf,
100.908,1,1.08227,0.89780,0.32749,0.00617,WAITING,0,0.815|0.888|0.801|0.608,,inf,
101.067,1,1.08138,0.89802,0.32758,0.00281,WAITING,0,0.813|0.892|0.804|0.607,,inf,
101.149,1,1.08208,0.89759,0.32589,0.00251,WAITING,0,0.820|0.895|0.815|0.601,,inf,
101.241,1,1.08182,0.89861,0.32806,0.00322,WAITING,0,0.819|0.896|0.807|0.602,,inf,
101.394,1,1.08183,0.89958,0.32737,0.00297,WAITING,0,0.815|0.894|0.806|0.600,,inf,
101.500,1,1.08028,0.90122,0.32959,0.00685,WAITING,0,0.809|0.889|0.804|0.606,,inf,
101.562,1,1.08107,0.90386,0.32992,0.00836,WAITING,0,0.812|0.897|0.811|0.609,,inf,
101.701,1,1.08032,0.90320,0.32535,0.00306,WAITING,0,0.826|0.906|0.816|0.606,,inf,
101.886,1,1.08012,0.90561,0.33104,0.00730,WAITING,0,0.812|0.887|0.799|0.601,,inf,
101.967,1,1.07991,0.90472,0.32864,0.00279,WAITING,0,0.816|0.887|0.808|0.606,,inf,
102.069,1,1.08056,0.90280,0.32471,0.00625,WAITING,0,0.826|0.907|0.826|0.618,,inf,
102.221,1,1.07933,0.90292,0.32921,0.00376,WAITING,0,0.811|0.891|0.798|0.601,,inf,
102.314,1,1.07848,0.90527,0.32981,0.00757,WAITING,0,0.802|0.886|0.798|0.605,,inf,
102.402,1,1.07537,0.93922,0.32075,0.10631,WAITING,0,0.763|0.886|0.836|0.682,,inf,
102.620,1,1.10994,0.95932,0.30524,0.13101,IN_MOTION,4,0.591|0.642|0.708|0.652,,inf,
102.736,0,,,,0.00000,IN_MOTION,4,,,,
102.849,0,,,,0.00000,IN_MOTION,4,,,,
102.975,0,,,,0.00000,IN_MOTION,4,,,,
103.052,0,,,,0.00000,IN_MOTION,4,,,,
103.122,0,,,,0.00000,IN_MOTION,4,,,,
103.170,0,,,,0.00000,IN_MOTION,4,,,,
103.217,0,,,,0.00000,WAITING,0,,,,
103.266,0,,,,0.00000,WAITING,0,,,,
103.311,0,,,,0.00000,WAITING,0,,,,
103.358,0,,,,0.00000,WAITING,0,,,,
103.402,0,,,,0.00000,WAITING,0,,,,
103.437,0,,,,0.00000,WAITING,0,,,,
103.483,0,,,,0.00000,WAITING,0,,,,
103.526,0,,,,0.00000,WAITING,0,,,,
103.566,0,,,,0.00000,WAITING,0,,,,
103.602,0,,,,0.00000,WAITING,0,,,,
103.658,0,,,,0.00000,WAITING,0,,,,
103.722,0,,,,0.00000,WAITING,0,,,,
103.834,0,,,,0.00000,WAITING,0,,,,
103.916,0,,,,0.00000,WAITING,0,,,,
103.967,0,,,,0.00000,WAITING,0,,,,
104.008,0,,,,0.00000,WAITING,0,,,,
104.052,0,,,,0.00000,WAITING,0,,,,
104.099,0,,,,0.00000,WAITING,0,,,,
104.141,0,,,,0.00000,WAITING,0,,,,
104.184,0,,,,0.00000,WAITING,0,,,,
104.233,0,,,,0.00000,WAITING,0,,,,
104.266,0,,,,0.00000,WAITING,0,,,,
104.328,0,,,,0.00000,WAITING,0,,,,
104.450,0,,,,0.00000,WAITING,0,,,,
104.643,0,,,,0.00000,WAITING,0,,,,
104.675,0,,,,0.00000,WAITING,0,,,,
104.699,0,,,,0.00000,WAITING,0,,,,
104.739,0,,,,0.00000,WAITING,0,,,,
104.769,0,,,,0.00000,WAITING,0,,,,
104.807,0,,,,0.00000,WAITING,0,,,,
104.838,0,,,,0.00000,WAITING,0,,,,
104.875,0,,,,0.00000,WAITING,0,,,,
104.909,0,,,,0.00000,WAITING,0,,,,
104.943,0,,,,0.00000,WAITING,0,,,,
104.979,0,,,,0.00000,WAITING,0,,,,
105.012,0,,,,0.00000,WAITING,0,,,,
105.041,0,,,,0.00000,WAITING,0,,,,
105.075,0,,,,0.00000,WAITING,0,,,,
105.116,0,,,,0.00000,WAITING,0,,,,
105.152,0,,,,0.00000,WAITING,0,,,,
105.179,0,,,,0.00000,WAITING,0,,,,
105.221,0,,,,0.00000,WAITING,0,,,,
105.247,0,,,,0.00000,WAITING,0,,,,
105.282,0,,,,0.00000,WAITING,0,,,,
105.324,0,,,,0.00000,WAITING,0,,,,
105.349,0,,,,0.00000,WAITING,0,,,,
105.389,0,,,,0.00000,WAITING,0,,,,
105.421,0,,,,0.00000,WAITING,0,,,,
105.465,0,,,,0.00000,WAITING,0,,,,
105.486,0,,,,0.00000,WAITING,0,,,,
105.527,0,,,,0.00000,WAITING,0,,,,
105.594,0,,,,0.00000,WAITING,0,,,,
105.658,0,,,,0.00000,WAITING,0,,,,
